Id,Date,TotalSteps,TotalDistance,TrackerDistance,LoggedActivitiesDistance,VeryActiveDistance,ModeratelyActiveDistance,LightActiveDistance,SedentaryActiveDistance,VeryActiveMinutes,FairlyActiveMinutes,LightlyActiveMinutes,SedentaryMinutes,Calories,TotalSleepRecords,TotalMinutesAsleep,TotalTimeInBed,WeightKg,WeightPounds,BodyFatPct,BMI,WeightIsManual,WeightLogId,Hourly_TotalIntensity,Hourly_AvgIntensity,Hourly_Steps,Hourly_Calories,HoursLogged,Min_Steps_Sum,Min_Steps_Max,MinutesLogged,Min_Calories_Sum,Min_Calories_Max,Min_Intensity_Mean,Min_Intensity_Max,Min_METs_Mean,Min_METs_Max,MinSleep_Asleep,MinSleep_Restless,MinSleep_Awake,HR_Avg,HR_Min,HR_Max,HR_Readings
1503960366,2016-04-12,13162,8.5,8.5,0.0,1.88,0.55,6.06,0.0,25,13,328,728,1985,1.0,327.0,346.0,,,,,,,429.0,0.2979,13158.0,1988.0,24.0,13158.0,143.0,1440.0,1985.2046,7.7863,0.2979,3.0,17.5285,99.0,327.0,13.0,6.0,,,,
1503960366,2016-04-13,10735,6.97,6.97,0.0,1.57,0.69,4.71,0.0,21,19,217,776,1797,2.0,384.0,407.0,,,,,,,318.0,0.2208,10735.0,1798.0,24.0,10735.0,152.0,1440.0,1797.8603,8.7302,0.2208,3.0,15.8743,111.0,384.0,11.0,12.0,,,,
1503960366,2016-04-14,10460,6.74,6.74,0.0,2.44,0.4,3.91,0.0,30,11,181,1218,1776,,,,,,,,,,293.0,0.2035,10460.0,1776.0,24.0,10460.0,132.0,1440.0,1776.6248,7.629,0.2035,3.0,15.6868,97.0,,,,,,,
1503960366,2016-04-15,9762,6.28,6.28,0.0,2.14,1.26,2.83,0.0,29,34,209,726,1745,1.0,412.0,442.0,,,,,,,364.0,0.2528,9685.0,1745.0,24.0,9685.0,130.0,1440.0,1745.2434,7.629,0.2528,3.0,15.4097,97.0,412.0,22.0,8.0,,,,
1503960366,2016-04-16,12669,8.16,8.16,0.0,2.71,0.41,5.04,0.0,36,10,221,773,1863,2.0,340.0,367.0,,,,,,,349.0,0.2424,12669.0,1866.0,24.0,12669.0,148.0,1440.0,1863.533,8.101,0.2424,3.0,16.4542,103.0,372.0,20.0,8.0,,,,
1503960366,2016-04-17,9705,6.48,6.48,0.0,3.19,0.78,2.51,0.0,38,20,164,539,1728,1.0,700.0,712.0,,,,,,,318.0,0.2208,9705.0,1730.0,24.0,9705.0,133.0,1440.0,1728.0977,7.4717,0.2208,3.0,15.2583,95.0,668.0,11.0,0.0,,,,
1503960366,2016-04-18,13019,8.59,8.59,0.0,3.25,0.64,4.71,0.0,42,16,233,1149,1921,,,,,,,,,,391.0,0.2715,13019.0,1920.0,24.0,13019.0,145.0,1440.0,1921.6554,8.4156,0.2715,3.0,16.9674,107.0,,,,,,,
1503960366,2016-04-19,15506,9.88,9.88,0.0,3.53,1.32,5.03,0.0,50,31,264,775,2035,1.0,304.0,320.0,,,,,,,476.0,0.3306,15506.0,2034.0,24.0,15506.0,156.0,1440.0,2035.6979,8.5729,0.3306,3.0,17.9743,109.0,304.0,16.0,0.0,,,,
1503960366,2016-04-20,10544,6.68,6.68,0.0,1.96,0.48,4.24,0.0,28,12,205,818,1786,1.0,360.0,377.0,,,,,,,313.0,0.2174,10544.0,1785.0,24.0,10544.0,127.0,1440.0,1786.6133,6.6066,0.2174,3.0,15.775,84.0,360.0,14.0,3.0,,,,
1503960366,2016-04-21,9819,6.34,6.34,0.0,1.34,0.35,4.65,0.0,19,8,211,838,1775,1.0,325.0,364.0,,,,,,,284.0,0.1972,9819.0,1777.0,24.0,9819.0,139.0,1440.0,1775.681,8.101,0.1972,3.0,15.6785,103.0,325.0,36.0,3.0,,,,
1503960366,2016-04-22,12764,8.13,8.13,0.0,4.76,1.12,2.24,0.0,66,27,130,1217,1827,,,,,,,,,,382.0,0.2653,12764.0,1825.0,24.0,12764.0,131.0,1440.0,1827.9832,7.3144,0.2653,3.0,16.1403,93.0,,,,,,,
1503960366,2016-04-23,14371,9.04,9.04,0.0,2.81,0.87,5.36,0.0,41,21,262,732,1949,1.0,361.0,384.0,,,,,,,427.0,0.2965,14371.0,1948.0,24.0,14371.0,125.0,1440.0,1949.4188,6.292,0.2965,3.0,17.2125,80.0,361.0,22.0,1.0,,,,
1503960366,2016-04-24,10039,6.41,6.41,0.0,2.92,0.21,3.28,0.0,39,5,238,709,1788,1.0,430.0,449.0,,,,,,,365.0,0.2535,10039.0,1790.0,24.0,10039.0,131.0,1440.0,1788.9728,7.3144,0.2535,3.0,15.7958,93.0,430.0,19.0,0.0,,,,
1503960366,2016-04-25,15355,9.8,9.8,0.0,5.29,0.57,3.94,0.0,73,14,216,814,2013,1.0,277.0,323.0,,,,,,,463.0,0.3215,15355.0,2010.0,24.0,15355.0,129.0,1440.0,2013.1253,7.4717,0.3215,3.0,17.775,95.0,277.0,40.0,6.0,,,,
1503960366,2016-04-26,13755,8.79,8.79,0.0,2.33,0.92,5.54,0.0,31,23,279,833,1970,1.0,245.0,274.0,,,,,,,418.0,0.2903,13755.0,1973.0,24.0,13755.0,131.0,1440.0,1970.6543,7.3144,0.2903,3.0,17.4,93.0,245.0,26.0,3.0,,,,
1503960366,2016-04-27,18134,12.21,12.21,0.0,6.4,0.41,5.41,0.0,78,11,243,1108,2159,,,,,,,,,,499.0,0.3465,18125.0,2159.0,24.0,18125.0,143.0,1440.0,2159.0211,7.629,0.3465,3.0,19.0632,97.0,,,,,,,
1503960366,2016-04-28,13154,8.53,8.53,0.0,3.54,1.16,3.79,0.0,48,28,189,782,1898,1.0,366.0,393.0,,,,,,,389.0,0.2701,13091.0,1901.0,24.0,13091.0,165.0,1440.0,1898.6896,8.101,0.2701,3.0,16.7646,103.0,366.0,26.0,1.0,,,,
1503960366,2016-04-29,11181,7.15,7.15,0.0,1.06,0.5,5.58,0.0,16,12,243,815,1837,1.0,341.0,354.0,,,,,,,315.0,0.2188,11181.0,1839.0,24.0,11181.0,135.0,1440.0,1837.6572,7.7863,0.2188,3.0,16.2257,99.0,341.0,13.0,0.0,,,,
1503960366,2016-04-30,14673,9.25,9.25,0.0,3.56,1.42,4.27,0.0,52,34,217,712,1947,1.0,404.0,425.0,,,,,,,441.0,0.3063,14673.0,1947.0,24.0,14673.0,122.0,1440.0,1947.6099,6.9212,0.3062,3.0,17.1965,88.0,404.0,20.0,1.0,,,,
1503960366,2016-05-01,10602,6.81,6.81,0.0,2.29,1.6,2.92,0.0,33,35,246,730,1820,1.0,369.0,396.0,,,,,,,415.0,0.2882,10602.0,1828.0,24.0,10602.0,128.0,1440.0,1831.1292,7.4717,0.2882,3.0,16.1681,95.0,369.0,22.0,5.0,,,,
1503960366,2016-05-02,14727,9.71,9.71,0.0,3.21,0.57,5.92,0.0,41,15,277,798,2004,1.0,277.0,309.0,52.5999984741211,115.963146545323,22.0,22.6499996185303,True,1462233599000.0,430.0,0.2986,14710.0,2016.0,24.0,14710.0,142.0,1440.0,2017.7657,8.2583,0.2986,3.0,17.816,105.0,277.0,26.0,6.0,,,,
1503960366,2016-05-03,15103,9.66,9.66,0.0,3.73,1.05,4.88,0.0,50,24,254,816,1990,1.0,273.0,296.0,52.5999984741211,115.963146545323,,22.6499996185303,True,1462319999000.0,452.0,0.3139,15103.0,1992.0,24.0,15103.0,137.0,1440.0,1990.7728,7.267,0.3139,3.0,17.6924,93.0,273.0,20.0,3.0,,,,
1503960366,2016-05-04,11100,7.15,7.15,0.0,2.46,0.87,3.82,0.0,36,22,203,1179,1819,,,,,,,,,,355.0,0.2465,11100.0,1819.0,24.0,11100.0,136.0,1440.0,1819.6462,7.8921,0.2465,3.0,16.1715,101.0,,,,,,,
1503960366,2016-05-05,14070,8.9,8.9,0.0,2.92,1.08,4.88,0.0,45,24,250,857,1959,1.0,247.0,264.0,,,,,,,433.0,0.3007,14047.0,1960.0,24.0,14047.0,142.0,1440.0,1959.9075,8.2047,0.3007,3.0,17.4181,105.0,247.0,16.0,1.0,,,,
1503960366,2016-05-06,12159,8.03,8.03,0.0,1.97,0.25,5.81,0.0,24,6,289,754,1896,1.0,334.0,367.0,,,,,,,373.0,0.259,12159.0,1897.0,24.0,12159.0,147.0,1440.0,1896.6141,8.361,0.259,3.0,16.8556,107.0,334.0,31.0,2.0,,,,
1503960366,2016-05-07,11992,7.71,7.71,0.0,2.46,2.12,3.13,0.0,37,46,175,833,1821,1.0,331.0,349.0,,,,,,,378.0,0.2625,11992.0,1819.0,24.0,11992.0,134.0,1440.0,1821.5216,7.7359,0.2625,3.0,16.1882,99.0,331.0,16.0,2.0,,,,
1503960366,2016-05-08,10060,6.58,6.58,0.0,3.53,0.32,2.73,0.0,44,8,203,574,1740,1.0,594.0,611.0,,,,,,,351.0,0.2438,10060.0,1740.0,24.0,10060.0,130.0,1440.0,1740.5685,7.5796,0.2438,3.0,15.4688,97.0,594.0,16.0,1.0,,,,
1503960366,2016-05-09,12022,7.72,7.72,0.0,3.45,0.53,3.74,0.0,46,11,206,835,1819,1.0,338.0,342.0,,,,,,,366.0,0.2542,12022.0,1820.0,24.0,12022.0,130.0,1440.0,1819.8025,7.267,0.2542,3.0,16.1729,93.0,338.0,4.0,0.0,,,,
1503960366,2016-05-10,12207,7.77,7.77,0.0,3.35,1.16,3.26,0.0,46,31,214,746,1859,1.0,383.0,403.0,,,,,,,414.0,0.2875,12207.0,1861.0,24.0,12207.0,145.0,1440.0,1859.5757,7.267,0.2875,3.0,16.5264,93.0,383.0,19.0,1.0,,,,
1503960366,2016-05-11,12770,8.13,8.13,0.0,2.56,1.01,4.55,0.0,36,23,251,669,1783,1.0,285.0,306.0,,,,,,,393.0,0.3119,11890.0,1724.0,21.0,11890.0,136.0,1260.0,1723.2214,7.8921,0.3119,3.0,17.5024,101.0,285.0,21.0,0.0,,,,
1503960366,2016-05-12,0,0.0,0.0,0.0,0.0,0.0,0.0,0.0,0,0,0,1440,0,,,,,,,,,,,,,,,,,,,,,,,,,,,,,,
1624580081,2016-04-12,8163,5.31,5.31,0.0,0.0,0.0,5.31,0.0,0,0,146,1294,1432,,,,,,,,,,146.0,0.1014,8163.0,1433.0,24.0,8163.0,105.0,1440.0,1432.1454,5.9832,0.1014,1.0,11.9681,72.0,,,,,,,
1624580081,2016-04-13,7007,4.55,4.55,0.0,0.0,0.0,4.55,0.0,0,0,148,1292,1411,,,,,,,,,,148.0,0.1028,7007.0,1412.0,24.0,7007.0,105.0,1440.0,1411.869,6.8142,0.1028,1.0,11.7986,82.0,,,,,,,
1624580081,2016-04-14,9107,5.92,5.92,0.0,0.0,0.0,5.91,0.01,0,0,236,1204,1572,,,,,,,,,,236.0,0.1639,9107.0,1575.0,24.0,9107.0,116.0,1440.0,1572.0858,6.1494,0.1639,1.0,13.1375,74.0,,,,,,,
1624580081,2016-04-15,1510,0.98,0.98,0.0,0.0,0.0,0.97,0.0,0,0,96,1344,1344,,,,,,,,,,96.0,0.0667,1490.0,1346.0,24.0,1490.0,99.0,1440.0,1344.0594,5.4846,0.0667,1.0,11.2319,66.0,,,,,,,
1624580081,2016-04-16,5370,3.49,3.49,0.0,0.0,0.0,3.49,0.0,0,0,176,1264,1463,,,,,,,,,,176.0,0.1222,5370.0,1466.0,24.0,5370.0,90.0,1440.0,1463.7234,5.9832,0.1222,1.0,12.2319,72.0,,,,,,,
1624580081,2016-04-17,6175,4.06,4.06,0.0,1.03,1.52,1.49,0.01,15,22,127,1276,1554,,,,,,,,,,216.0,0.15,6150.0,1555.0,24.0,6150.0,131.0,1440.0,1554.4686,7.1466,0.15,3.0,12.9903,86.0,,,,,,,
1624580081,2016-04-18,10536,7.41,7.41,0.0,2.15,0.62,4.62,0.01,17,7,202,1214,1604,,,,,,,,,,267.0,0.1854,10536.0,1604.0,24.0,10536.0,174.0,1440.0,1604.4948,6.5649,0.1854,3.0,13.4083,79.0,,,,,,,
1624580081,2016-04-19,2916,1.9,1.9,0.0,0.0,0.0,1.9,0.0,0,0,141,1299,1435,,,,,,,,,,141.0,0.0979,2916.0,1438.0,24.0,2916.0,106.0,1440.0,1435.4694,6.9804,0.0979,1.0,11.9958,84.0,,,,,,,
1624580081,2016-04-20,4974,3.23,3.23,0.0,0.0,0.0,3.23,0.0,0,0,151,1289,1446,,,,,,,,,,151.0,0.1049,4974.0,1448.0,24.0,4974.0,115.0,1440.0,1446.1062,8.6424,0.1049,1.0,12.0847,104.0,,,,,,,
1624580081,2016-04-21,6349,4.13,4.13,0.0,0.0,0.0,4.11,0.02,0,0,186,1254,1467,,,,,,,,,,186.0,0.1292,6349.0,1468.0,24.0,6349.0,115.0,1440.0,1466.715,8.4762,0.1292,1.0,12.2569,102.0,,,,,,,
1624580081,2016-04-22,4026,2.62,2.62,0.0,0.0,0.0,2.6,0.0,0,0,199,1241,1470,,,,,,,,,,199.0,0.1382,4002.0,1471.0,24.0,4002.0,97.0,1440.0,1470.87,5.4846,0.1382,1.0,12.2917,66.0,,,,,,,
1624580081,2016-04-23,8538,5.55,5.55,0.0,0.0,0.0,5.54,0.01,0,0,227,1213,1562,,,,,,,,,,227.0,0.1576,8538.0,1561.0,24.0,8538.0,99.0,1440.0,1562.9448,6.9804,0.1576,1.0,13.0611,84.0,,,,,,,
1624580081,2016-04-24,6076,3.95,3.95,0.0,1.15,0.91,1.89,0.0,16,18,185,1221,1617,,,,,,,,,,269.0,0.1868,6076.0,1618.0,24.0,6076.0,123.0,1440.0,1617.126,7.3128,0.1868,3.0,13.5139,88.0,,,,,,,
1624580081,2016-04-25,6497,4.22,4.22,0.0,0.0,0.0,4.2,0.02,0,0,202,1238,1492,,,,,,,,,,202.0,0.1403,6487.0,1493.0,24.0,6487.0,102.0,1440.0,1492.476,4.4874,0.1403,1.0,12.4722,54.0,,,,,,,
1624580081,2016-04-26,2826,1.84,1.84,0.0,0.0,0.0,1.83,0.01,0,0,140,1300,1402,,,,,,,,,,140.0,0.0972,2826.0,1402.0,24.0,2826.0,91.0,1440.0,1402.2294,4.155,0.0972,1.0,11.7181,50.0,,,,,,,
1624580081,2016-04-27,8367,5.44,5.44,0.0,1.11,1.87,2.46,0.0,17,36,154,1233,1670,,,,,,,,,,277.0,0.1924,8367.0,1672.0,24.0,8367.0,117.0,1440.0,1670.1438,6.1494,0.1924,3.0,13.9569,74.0,,,,,,,
1624580081,2016-04-28,2759,1.79,1.79,0.0,0.0,0.2,1.6,0.0,0,5,115,1320,1401,,,,,,,,,,125.0,0.0868,2759.0,1404.0,24.0,2759.0,116.0,1440.0,1401.897,6.9804,0.0868,2.0,11.7153,84.0,,,,,,,
1624580081,2016-04-29,2390,1.55,1.55,0.0,0.0,0.0,1.55,0.0,0,0,150,1290,1404,,,,,,,,,,150.0,0.1042,2390.0,1406.0,24.0,2390.0,81.0,1440.0,1404.39,4.3212,0.1042,1.0,11.7361,52.0,,,,,,,
1624580081,2016-04-30,6474,4.3,4.3,0.0,0.9,1.28,2.12,0.01,11,23,224,1182,1655,,,,,,,,,,303.0,0.2104,6474.0,1656.0,24.0,6474.0,133.0,1440.0,1655.5182,7.2297,0.2104,3.0,13.8347,87.0,,,,,,,
1624580081,2016-05-01,36019,28.03,28.03,0.0,21.92,4.19,1.91,0.02,186,63,171,1020,2690,,,,,,,,,,855.0,0.5938,36019.0,2692.0,24.0,36019.0,184.0,1440.0,2690.778,8.8917,0.5938,3.0,22.4861,107.0,,,,,,,
1624580081,2016-05-02,7155,4.93,4.93,0.0,0.86,0.59,3.47,0.0,7,6,166,1261,1497,,,,,,,,,,199.0,0.1382,7155.0,1497.0,24.0,7155.0,164.0,1440.0,1497.1296,7.2297,0.1382,3.0,12.5111,87.0,,,,,,,
1624580081,2016-05-03,2100,1.37,1.37,0.0,0.0,0.0,1.34,0.02,0,0,96,1344,1334,,,,,,,,,,96.0,0.0667,2100.0,1334.0,24.0,2100.0,79.0,1440.0,1334.2536,3.4902,0.0667,1.0,11.15,42.0,,,,,,,
1624580081,2016-05-04,2193,1.43,1.43,0.0,0.0,0.0,1.42,0.0,0,0,118,1322,1368,,,,,,,,,,118.0,0.0819,2193.0,1372.0,24.0,2193.0,107.0,1440.0,1368.8232,4.4874,0.0819,1.0,11.4389,54.0,,,,,,,
1624580081,2016-05-05,2470,1.61,1.61,0.0,0.0,0.0,1.58,0.02,0,0,117,1323,1370,,,,,,,,,,117.0,0.0813,2470.0,1372.0,24.0,2470.0,94.0,1440.0,1370.8176,4.986,0.0812,1.0,11.4556,60.0,,,,,,,
1624580081,2016-05-06,1727,1.12,1.12,0.0,0.0,0.0,1.12,0.01,0,0,102,1338,1341,,,,,,,,,,102.0,0.0708,1727.0,1341.0,24.0,1727.0,76.0,1440.0,1341.234,4.3212,0.0708,1.0,11.2083,52.0,,,,,,,
1624580081,2016-05-07,2104,1.37,1.37,0.0,0.0,0.0,1.37,0.0,0,0,182,1258,1474,,,,,,,,,,182.0,0.1264,2104.0,1474.0,24.0,2104.0,104.0,1440.0,1474.0278,5.9832,0.1264,1.0,12.3181,72.0,,,,,,,
1624580081,2016-05-08,3427,2.23,2.23,0.0,0.0,0.0,2.22,0.0,0,0,152,1288,1427,,,,,,,,,,152.0,0.1056,3427.0,1426.0,24.0,3427.0,102.0,1440.0,1427.3256,3.9888,0.1056,1.0,11.9278,48.0,,,,,,,
1624580081,2016-05-09,1732,1.13,1.13,0.0,0.0,0.0,1.13,0.0,0,0,91,1349,1328,,,,,,,,,,91.0,0.0632,1732.0,1329.0,24.0,1732.0,85.0,1440.0,1328.6028,3.4902,0.0632,1.0,11.1028,42.0,,,,,,,
1624580081,2016-05-10,2969,1.93,1.93,0.0,0.0,0.0,1.92,0.01,0,0,139,1301,1393,,,,,,,,,,139.0,0.0965,2969.0,1393.0,24.0,2969.0,87.0,1440.0,1393.2546,3.6564,0.0965,1.0,11.6431,44.0,,,,,,,
1624580081,2016-05-11,3134,2.04,2.04,0.0,0.0,0.0,2.04,0.0,0,0,112,1328,1359,,,,,,,,,,112.0,0.0778,3134.0,1363.0,24.0,3134.0,94.0,1440.0,1359.0174,3.4902,0.0778,1.0,11.3569,42.0,,,,,,,
1624580081,2016-05-12,2971,1.93,1.93,0.0,0.0,0.0,1.92,0.01,0,0,107,890,1002,,,,,,,,,,99.0,0.1031,2739.0,959.0,16.0,2739.0,113.0,960.0,957.9768,4.6536,0.1031,1.0,12.0083,56.0,,,,,,,
1644430081,2016-04-12,10694,7.77,7.77,0.0,0.14,2.3,5.33,0.0,2,51,256,1131,3199,,,,,,,,,,364.0,0.2528,10694.0,3200.0,24.0,10694.0,117.0,1440.0,3199.5871,10.6803,0.2528,3.0,15.8111,76.0,,,,,,,
1644430081,2016-04-13,8001,5.82,5.82,0.0,2.28,0.9,2.64,0.0,30,16,135,1259,2902,,,,,,,,,,257.0,0.1785,8001.0,2899.0,24.0,8001.0,131.0,1440.0,2902.7877,11.5235,0.1785,3.0,14.3444,82.0,,,,,,,
1644430081,2016-04-14,11037,8.02,8.02,0.0,0.36,2.56,5.1,0.0,5,58,252,1125,3226,,,,,,,,,,383.0,0.266,11037.0,3224.0,24.0,11037.0,117.0,1440.0,3226.5688,10.6803,0.266,3.0,15.9444,76.0,,,,,,,
1644430081,2016-04-15,5263,3.83,3.83,0.0,0.22,0.15,3.45,0.0,3,4,170,1263,2750,,,,,,,,,,187.0,0.1299,5263.0,2748.0,24.0,5263.0,125.0,1440.0,2750.4532,11.2424,0.1299,3.0,13.5917,80.0,,,,,,,
1644430081,2016-04-16,15300,11.12,11.12,0.0,4.1,1.88,5.09,0.0,51,42,212,1135,3493,,,,,,,,,,449.0,0.3118,15223.0,3489.0,24.0,15223.0,127.0,1440.0,3493.5758,11.2424,0.3118,3.0,17.2639,80.0,,,,,,,
1644430081,2016-04-17,8757,6.37,6.37,0.0,2.25,0.57,3.55,0.0,29,13,186,1212,3011,,,,,,,,,,299.0,0.2076,8757.0,3007.0,24.0,8757.0,123.0,1440.0,3010.9958,10.9613,0.2076,3.0,14.8792,78.0,,,,,,,
1644430081,2016-04-18,7132,5.19,5.19,0.0,1.07,1.67,2.45,0.0,15,33,121,1271,2806,,,,,,,,,,232.0,0.1611,7132.0,2804.0,24.0,7132.0,119.0,1440.0,2806.6652,10.6803,0.1611,3.0,13.8694,76.0,,,,,,,
1644430081,2016-04-19,11256,8.18,8.18,0.0,0.36,2.53,5.3,0.0,5,58,278,1099,3300,,,,,,,,,,385.0,0.2674,11231.0,3253.0,24.0,11231.0,121.0,1440.0,3254.3938,10.9613,0.2674,3.0,16.0819,78.0,,,,,,,
1644430081,2016-04-20,2436,1.77,1.77,0.0,0.0,0.0,1.76,0.01,0,0,125,1315,2430,,,,,,,,,,125.0,0.0868,2436.0,2430.0,24.0,2436.0,109.0,1440.0,2430.3258,9.8371,0.0868,1.0,12.0097,70.0,,,,,,,
1644430081,2016-04-21,1223,0.89,0.89,0.0,0.0,0.0,0.88,0.01,0,0,38,1402,2140,,,,,,,,,,38.0,0.0264,1223.0,2135.0,24.0,1223.0,111.0,1440.0,2140.553,10.1182,0.0264,1.0,10.5778,72.0,,,,,,,
1644430081,2016-04-22,3673,2.67,2.67,0.0,0.0,0.0,2.66,0.01,0,0,86,1354,2344,,,,,,,,,,86.0,0.0597,3673.0,2341.0,24.0,3673.0,122.0,1440.0,2344.3215,10.9613,0.0597,1.0,11.5847,78.0,,,,,,,
1644430081,2016-04-23,6637,4.83,4.83,0.0,0.0,0.58,4.25,0.0,0,15,160,1265,2677,,,,,,,,,,190.0,0.1319,6637.0,2672.0,24.0,6637.0,102.0,1440.0,2677.3776,9.275,0.1319,2.0,13.2306,66.0,,,,,,,
1644430081,2016-04-24,3321,2.41,2.41,0.0,0.0,0.0,2.41,0.0,0,0,89,1351,2413,,,,,,,,,,89.0,0.0618,3321.0,2410.0,24.0,3321.0,121.0,1440.0,2413.7433,10.9613,0.0618,1.0,11.9278,78.0,,,,,,,
1644430081,2016-04-25,3580,2.6,2.6,0.0,0.59,0.06,1.95,0.0,8,1,94,1337,2497,,,,,,,,,,120.0,0.0833,3580.0,2493.0,24.0,3580.0,122.0,1440.0,2497.4992,10.9613,0.0833,3.0,12.3417,78.0,,,,,,,
1644430081,2016-04-26,9919,7.21,7.21,0.0,0.8,1.72,4.69,0.0,11,41,223,1165,3123,,,,,,,,,,338.0,0.2347,9919.0,3118.0,24.0,9919.0,113.0,1440.0,3123.1387,10.1182,0.2347,3.0,15.4333,72.0,,,,,,,
1644430081,2016-04-27,3032,2.2,2.2,0.0,0.0,0.0,2.2,0.0,0,0,118,1322,2489,,,,,,,,,,118.0,0.0819,3032.0,2488.0,24.0,3032.0,119.0,1440.0,2489.6295,10.6803,0.0819,1.0,12.3028,76.0,,,,,,,
1644430081,2016-04-28,9405,6.84,6.84,0.0,0.2,2.32,4.31,0.0,3,53,227,1157,3108,,,,,,,,,,342.0,0.2375,9405.0,3106.0,24.0,9405.0,113.0,1440.0,3108.8047,10.1182,0.2375,3.0,15.3625,72.0,,,,,,,
1644430081,2016-04-29,3176,2.31,2.31,0.0,0.0,0.0,2.31,0.0,0,0,120,1193,2498,1.0,119.0,127.0,,,,,,,120.0,0.0833,3176.0,2495.0,24.0,3176.0,110.0,1440.0,2498.0613,10.1182,0.0833,1.0,12.3444,72.0,119.0,8.0,0.0,,,,
1644430081,2016-04-30,18213,13.24,13.24,0.0,0.63,3.14,9.46,0.0,9,71,402,816,3846,1.0,124.0,142.0,,,,,,,571.0,0.3965,18213.0,3843.0,24.0,18213.0,114.0,1440.0,3846.3061,10.3992,0.3965,3.0,19.0069,74.0,124.0,15.0,3.0,,,,
1644430081,2016-05-01,6132,4.46,4.46,0.0,0.24,0.99,3.23,0.0,3,24,146,908,2696,,,,,,,,,,203.0,0.141,6132.0,2690.0,24.0,6132.0,118.0,1440.0,2696.2086,10.6803,0.141,3.0,13.3236,76.0,194.0,36.0,129.0,,,,
1644430081,2016-05-02,3758,2.73,2.73,0.0,0.07,0.31,2.35,0.0,1,7,148,682,2580,1.0,796.0,961.0,,,,,,,142.0,0.0986,3728.0,2533.0,24.0,3728.0,120.0,1440.0,2536.2855,10.6803,0.0986,3.0,12.5333,76.0,602.0,0.0,0.0,,,,
1644430081,2016-05-03,12850,9.34,9.34,0.0,0.72,4.09,4.54,0.0,10,94,221,1115,3324,,,,,,,,,,436.0,0.3028,12789.0,3320.0,24.0,12789.0,123.0,1440.0,3321.005,10.9613,0.3028,3.0,16.4111,78.0,,,,,,,
1644430081,2016-05-04,2309,1.68,1.68,0.0,0.0,0.0,1.66,0.02,0,0,52,1388,2222,,,,,,,,,,52.0,0.0361,2309.0,2219.0,24.0,2309.0,123.0,1440.0,2222.9036,10.9613,0.0361,1.0,10.9847,78.0,,,,,,,
1644430081,2016-05-05,4363,3.19,3.19,0.0,0.52,0.54,2.13,0.01,6,12,81,1341,2463,,,,,,,,,,123.0,0.0854,4363.0,2459.0,24.0,4363.0,126.0,1440.0,2463.9125,11.3829,0.0854,3.0,12.1757,81.0,,,,,,,
1644430081,2016-05-06,9787,7.12,7.12,0.0,0.82,0.27,6.01,0.02,11,6,369,1054,3328,,,,,,,,,,424.0,0.2944,9758.0,3382.0,24.0,9758.0,124.0,1440.0,3384.2435,10.9613,0.2944,3.0,16.7236,78.0,,,,,,,
1644430081,2016-05-07,13372,9.72,9.72,0.0,3.26,0.79,5.67,0.01,41,17,243,1139,3404,,,,,,,,,,400.0,0.2778,13372.0,3402.0,24.0,13372.0,125.0,1440.0,3404.0582,11.2424,0.2778,3.0,16.8215,80.0,,,,,,,
1644430081,2016-05-08,6724,4.89,4.89,0.0,0.0,0.0,4.88,0.0,0,0,295,991,2987,1.0,137.0,154.0,,,,,,,295.0,0.2049,6724.0,2987.0,24.0,6724.0,125.0,1440.0,2987.9489,11.2424,0.2049,1.0,14.7653,80.0,137.0,14.0,3.0,,,,
1644430081,2016-05-09,6643,4.83,4.83,0.0,2.39,0.35,2.09,0.01,32,6,303,1099,3008,,,,,,,,,,411.0,0.2854,6643.0,3004.0,24.0,6643.0,123.0,1440.0,3008.4663,10.9613,0.2854,3.0,14.8667,78.0,,,,,,,
1644430081,2016-05-10,9167,6.66,6.66,0.0,0.88,0.81,4.97,0.01,12,19,155,1254,2799,,,,,,,,,,229.0,0.159,9167.0,2795.0,24.0,9167.0,134.0,1440.0,2799.9197,11.8045,0.159,3.0,13.8361,84.0,,,,,,,
1644430081,2016-05-11,1329,0.97,0.97,0.0,0.0,0.0,0.95,0.01,0,0,49,713,1276,,,,,,,,,,40.0,0.0556,989.0,1179.0,12.0,989.0,113.0,720.0,1179.0467,10.1182,0.0556,1.0,11.6528,72.0,,,,,,,
1844505072,2016-04-12,6697,4.43,4.43,0.0,0.0,0.0,4.43,0.0,0,0,339,1101,2030,,,,,,,,,,339.0,0.2354,6697.0,2031.0,24.0,6697.0,100.0,1440.0,2030.8433,6.1756,0.2354,1.0,15.0722,66.0,,,,,,,
1844505072,2016-04-13,4929,3.26,3.26,0.0,0.0,0.0,3.26,0.0,0,0,248,1192,1860,,,,,,,,,,248.0,0.1722,4929.0,1860.0,24.0,4929.0,69.0,1440.0,1860.1716,4.4914,0.1722,1.0,13.8056,48.0,,,,,,,
1844505072,2016-04-14,7937,5.25,5.25,0.0,0.0,0.0,5.23,0.0,0,0,373,843,2130,,,,,,,,,,373.0,0.259,7905.0,2128.0,24.0,7905.0,114.0,1440.0,2130.7761,6.9242,0.259,1.0,15.8139,74.0,0.0,172.0,52.0,,,,
1844505072,2016-04-15,3844,2.54,2.54,0.0,0.0,0.0,2.54,0.0,0,0,176,527,1725,1.0,644.0,961.0,,,,,,,176.0,0.1222,3844.0,1723.0,24.0,3844.0,108.0,1440.0,1725.9922,6.5499,0.1222,1.0,12.8097,70.0,644.0,57.0,36.0,,,,
1844505072,2016-04-16,3414,2.26,2.26,0.0,0.0,0.0,2.26,0.0,0,0,147,1293,1657,,,,,,,,,,147.0,0.1021,3414.0,1656.0,24.0,3414.0,82.0,1440.0,1657.6861,5.2399,0.1021,1.0,12.3028,56.0,,,,,,,
1844505072,2016-04-17,4525,2.99,2.99,0.0,0.14,0.26,2.59,0.0,2,8,199,1231,1793,,,,,,,,,,221.0,0.1535,4525.0,1792.0,24.0,4525.0,115.0,1440.0,1793.9241,6.9242,0.1535,3.0,13.3139,74.0,,,,,,,
1844505072,2016-04-18,4597,3.04,3.04,0.0,0.0,0.48,2.56,0.0,0,12,217,1211,1814,,,,,,,,,,241.0,0.1674,4597.0,1814.0,24.0,4597.0,82.0,1440.0,1813.7609,5.2399,0.1674,2.0,13.4611,56.0,,,,,,,
1844505072,2016-04-19,197,0.13,0.13,0.0,0.0,0.0,0.13,0.0,0,0,10,1430,1366,,,,,,,,,,10.0,0.0069,197.0,1364.0,24.0,197.0,42.0,1440.0,1366.4963,3.3685,0.0069,1.0,10.1417,36.0,,,,,,,
1844505072,2016-04-20,8,0.01,0.01,0.0,0.0,0.0,0.01,0.0,0,0,1,1439,1349,,,,,,,,,,1.0,0.0007,8.0,1346.0,24.0,8.0,8.0,1440.0,1349.4665,2.4328,0.0007,1.0,10.0153,26.0,,,,,,,
1844505072,2016-04-21,8054,5.32,5.32,0.0,0.12,0.52,4.68,0.0,2,13,308,1117,2062,,,,,,,,,,340.0,0.2361,8054.0,2063.0,24.0,8054.0,104.0,1440.0,2062.8443,6.3628,0.2361,3.0,15.3097,68.0,,,,,,,
1844505072,2016-04-22,5372,3.55,3.55,0.0,0.0,0.0,3.55,0.0,0,0,220,1220,1827,,,,,,,,,,220.0,0.1528,5372.0,1828.0,24.0,5372.0,97.0,1440.0,1827.9835,5.9885,0.1528,1.0,13.5667,64.0,,,,,,,
1844505072,2016-04-23,3570,2.36,2.36,0.0,0.0,0.0,2.36,0.0,0,0,139,1301,1645,,,,,,,,,,139.0,0.0965,3570.0,1643.0,24.0,3570.0,80.0,1440.0,1645.1478,5.0528,0.0965,1.0,12.2097,54.0,,,,,,,
1844505072,2016-04-24,0,0.0,0.0,0.0,0.0,0.0,0.0,0.0,0,0,0,1440,1347,,,,,,,,,,0.0,0.0,0.0,1344.0,24.0,0.0,0.0,1440.0,1347.408,0.9357,0.0,0.0,10.0,10.0,,,,,,,
1844505072,2016-04-25,0,0.0,0.0,0.0,0.0,0.0,0.0,0.0,0,0,0,1440,1347,,,,,,,,,,0.0,0.0,0.0,1344.0,24.0,0.0,0.0,1440.0,1347.408,0.9357,0.0,0.0,10.0,10.0,,,,,,,
1844505072,2016-04-26,0,0.0,0.0,0.0,0.0,0.0,0.0,0.0,0,0,0,1440,1347,,,,,,,,,,0.0,0.0,0.0,1344.0,24.0,0.0,0.0,1440.0,1347.408,0.9357,0.0,0.0,10.0,10.0,,,,,,,
1844505072,2016-04-27,4,0.0,0.0,0.0,0.0,0.0,0.0,0.0,0,0,1,1439,1348,,,,,,,,,,1.0,0.0007,4.0,1346.0,24.0,4.0,4.0,1440.0,1348.9051,2.2457,0.0007,1.0,10.0111,24.0,,,,,,,
1844505072,2016-04-28,6907,4.57,4.57,0.0,0.0,0.0,4.56,0.0,0,0,302,1138,1992,,,,,,,,,,302.0,0.2097,6899.0,1993.0,24.0,6899.0,106.0,1440.0,1992.4796,6.3628,0.2097,1.0,14.7875,68.0,,,,,,,
1844505072,2016-04-29,4920,3.25,3.25,0.0,0.0,0.0,3.25,0.0,0,0,247,1082,1856,,,,,,,,,,247.0,0.1715,4920.0,1855.0,24.0,4920.0,84.0,1440.0,1856.4288,5.2399,0.1715,1.0,13.7778,56.0,0.0,83.0,28.0,,,,
1844505072,2016-04-30,4014,2.67,2.67,0.0,0.0,0.0,2.65,0.0,0,0,184,218,1763,1.0,722.0,961.0,,,,,,,184.0,0.1278,4014.0,1763.0,24.0,4014.0,93.0,1440.0,1763.2331,5.8013,0.1278,1.0,13.0861,62.0,722.0,206.0,110.0,,,,
1844505072,2016-05-01,2573,1.7,1.7,0.0,0.0,0.26,1.45,0.0,0,7,75,585,1541,1.0,590.0,961.0,,,,,,,89.0,0.0618,2573.0,1539.0,24.0,2573.0,104.0,1440.0,1541.6593,6.3628,0.0618,2.0,11.4417,68.0,590.0,106.0,77.0,,,,
1844505072,2016-05-02,0,0.0,0.0,0.0,0.0,0.0,0.0,0.0,0,0,0,1440,1348,,,,,,,,,,0.0,0.0,0.0,1345.0,24.0,0.0,0.0,1440.0,1348.1566,1.1228,0.0,0.0,10.0056,12.0,,,,,,,
1844505072,2016-05-03,4059,2.68,2.68,0.0,0.0,0.0,2.68,0.0,0,0,184,1256,1742,,,,,,,,,,184.0,0.1278,4059.0,1742.0,24.0,4059.0,87.0,1440.0,1742.8348,5.4271,0.1278,1.0,12.9347,58.0,,,,,,,
1844505072,2016-05-04,2080,1.37,1.37,0.0,0.0,0.0,1.37,0.0,0,0,87,1353,1549,,,,,,,,,,87.0,0.0604,2080.0,1547.0,24.0,2080.0,95.0,1440.0,1549.7064,5.8013,0.0604,1.0,11.5014,62.0,,,,,,,
1844505072,2016-05-05,2237,1.48,1.48,0.0,0.0,0.0,1.48,0.0,0,0,120,1320,1589,,,,,,,,,,120.0,0.0833,2237.0,1587.0,24.0,2237.0,52.0,1440.0,1589.9415,3.7428,0.0833,1.0,11.8,40.0,,,,,,,
1844505072,2016-05-06,44,0.03,0.03,0.0,0.0,0.0,0.03,0.0,0,0,2,1438,1351,,,,,,,,,,2.0,0.0014,44.0,1348.0,24.0,44.0,35.0,1440.0,1351.3379,3.1814,0.0014,1.0,10.0292,34.0,,,,,,,
1844505072,2016-05-07,0,0.0,0.0,0.0,0.0,0.0,0.0,0.0,0,0,0,1440,1347,,,,,,,,,,0.0,0.0,0.0,1344.0,24.0,0.0,0.0,1440.0,1347.5951,1.1228,0.0,0.0,10.0014,12.0,,,,,,,
1844505072,2016-05-08,0,0.0,0.0,0.0,0.0,0.0,0.0,0.0,0,0,0,1440,1347,,,,,,,,,,0.0,0.0,0.0,1344.0,24.0,0.0,0.0,1440.0,1347.5951,1.1228,0.0,0.0,10.0014,12.0,,,,,,,
1844505072,2016-05-09,0,0.0,0.0,0.0,0.0,0.0,0.0,0.0,0,0,0,1440,1347,,,,,,,,,,0.0,0.0,0.0,1344.0,24.0,0.0,0.0,1440.0,1347.408,0.9357,0.0,0.0,10.0,10.0,,,,,,,
1844505072,2016-05-10,0,0.0,0.0,0.0,0.0,0.0,0.0,0.0,0,0,0,1440,1347,,,,,,,,,,0.0,0.0,0.0,1344.0,24.0,0.0,0.0,1440.0,1347.408,0.9357,0.0,0.0,10.0,10.0,,,,,,,
1844505072,2016-05-11,0,0.0,0.0,0.0,0.0,0.0,0.0,0.0,0,0,0,1440,1347,,,,,,,,,,0.0,0.0,0.0,1344.0,24.0,0.0,0.0,1440.0,1347.408,0.9357,0.0,0.0,10.0,10.0,,,,,,,
1844505072,2016-05-12,0,0.0,0.0,0.0,0.0,0.0,0.0,0.0,0,0,0,711,665,,,,,,,,,,0.0,0.0,0.0,616.0,11.0,0.0,0.0,660.0,617.562,0.9357,0.0,0.0,10.0,10.0,,,,,,,
1927972279,2016-04-12,678,0.47,0.47,0.0,0.0,0.0,0.47,0.0,0,0,55,734,2220,3.0,750.0,775.0,,,,,,,55.0,0.0382,678.0,2195.0,24.0,678.0,32.0,1440.0,2193.2194,4.4992,0.0382,1.0,10.8326,32.0,626.0,24.0,1.0,,,,
1927972279,2016-04-13,356,0.25,0.25,0.0,0.0,0.0,0.25,0.0,0,0,32,986,2151,1.0,398.0,422.0,133.5,294.317120016975,,47.5400009155273,False,1460509732000.0,32.0,0.0222,356.0,2150.0,24.0,356.0,49.0,1440.0,2151.0558,5.4443,0.0222,1.0,10.4264,38.0,398.0,17.0,7.0,,,,
1927972279,2016-04-14,2163,1.5,1.5,0.0,0.0,0.4,1.1,0.0,0,9,88,1292,2383,,,,,,,,,,106.0,0.0736,2163.0,2382.0,24.0,2163.0,82.0,1440.0,2383.01,8.0231,0.0736,2.0,11.5507,56.0,47.0,4.0,0.0,,,,
1927972279,2016-04-15,980,0.68,0.68,0.0,0.0,0.0,0.68,0.0,0,0,51,941,2221,2.0,475.0,499.0,,,,,,,51.0,0.0354,980.0,2222.0,24.0,980.0,72.0,1440.0,2221.8312,7.1635,0.0354,1.0,10.7694,50.0,428.0,20.0,0.0,,,,
1927972279,2016-04-16,0,0.0,0.0,0.0,0.0,0.0,0.0,0.0,0,0,0,1440,2064,,,,,,,,,,0.0,0.0,0.0,2064.0,24.0,0.0,0.0,1440.0,2063.0881,1.4327,0.0,0.0,10.0,10.0,,,,,,,
1927972279,2016-04-17,0,0.0,0.0,0.0,0.0,0.0,0.0,0.0,0,0,0,1440,2063,,,,,,,,,,0.0,0.0,0.0,2064.0,24.0,0.0,0.0,1440.0,2063.3746,1.576,0.0,0.0,10.0014,11.0,,,,,,,
1927972279,2016-04-18,244,0.17,0.17,0.0,0.0,0.0,0.17,0.0,0,0,17,1423,2111,,,,,,,,,,17.0,0.0118,244.0,2112.0,24.0,244.0,35.0,1440.0,2111.2268,4.8712,0.0118,1.0,10.2333,34.0,,,,,,,
1927972279,2016-04-19,0,0.0,0.0,0.0,0.0,0.0,0.0,0.0,0,0,0,1440,2063,,,,,,,,,,0.0,0.0,0.0,2064.0,24.0,0.0,0.0,1440.0,2063.0881,1.4327,0.0,0.0,10.0,10.0,,,,,,,
1927972279,2016-04-20,0,0.0,0.0,0.0,0.0,0.0,0.0,0.0,0,0,0,1440,2063,,,,,,,,,,0.0,0.0,0.0,2064.0,24.0,0.0,0.0,1440.0,2063.0881,1.4327,0.0,0.0,10.0,10.0,,,,,,,
1927972279,2016-04-21,0,0.0,0.0,0.0,0.0,0.0,0.0,0.0,0,0,0,1440,2064,,,,,,,,,,0.0,0.0,0.0,2065.0,24.0,0.0,0.0,1440.0,2064.0909,1.7192,0.0,0.0,10.0049,12.0,,,,,,,
1927972279,2016-04-22,149,0.1,0.1,0.0,0.0,0.0,0.1,0.0,0,0,10,1430,2093,,,,,,,,,,10.0,0.0069,149.0,2094.0,24.0,149.0,40.0,1440.0,2093.4613,5.1577,0.0069,1.0,10.1472,36.0,,,,,,,
1927972279,2016-04-23,2945,2.04,2.04,0.0,0.0,0.0,2.04,0.0,0,0,145,1295,2499,,,,,,,,,,145.0,0.1007,2945.0,2500.0,24.0,2945.0,72.0,1440.0,2499.2019,7.1635,0.1007,1.0,12.1139,50.0,,,,,,,
1927972279,2016-04-24,2090,1.45,1.45,0.0,0.07,0.24,1.14,0.0,1,6,75,1358,2324,,,,,,,,,,90.0,0.0625,2090.0,2326.0,24.0,2090.0,97.0,1440.0,2324.8423,9.1693,0.0625,3.0,11.2688,64.0,,,,,,,
1927972279,2016-04-25,152,0.11,0.11,0.0,0.0,0.0,0.11,0.0,0,0,12,1303,2100,,,,,,,,,,12.0,0.0083,152.0,2100.0,24.0,152.0,46.0,1440.0,2098.9056,5.4443,0.0083,1.0,10.1736,38.0,115.0,10.0,0.0,,,,
1927972279,2016-04-26,3761,2.6,2.6,0.0,0.0,0.0,2.6,0.0,0,0,192,1058,2638,1.0,296.0,315.0,,,,,,,192.0,0.1333,3761.0,2638.0,24.0,3761.0,87.0,1440.0,2638.4604,8.3097,0.1333,1.0,12.7889,58.0,181.0,9.0,0.0,,,,
1927972279,2016-04-27,0,0.0,0.0,0.0,0.0,0.0,0.0,0.0,0,0,0,1440,2063,,,,,,,,,,0.0,0.0,0.0,2064.0,24.0,0.0,0.0,1440.0,2063.3746,1.576,0.0,0.0,10.0014,11.0,,,,,,,
1927972279,2016-04-28,1675,1.16,1.16,0.0,0.0,0.0,1.16,0.0,0,0,95,1167,2351,1.0,166.0,178.0,,,,,,,95.0,0.066,1675.0,2351.0,24.0,1675.0,57.0,1440.0,2351.204,5.7308,0.066,1.0,11.3965,40.0,166.0,12.0,0.0,,,,
1927972279,2016-04-29,0,0.0,0.0,0.0,0.0,0.0,0.0,0.0,0,0,0,1440,2063,,,,,,,,,,0.0,0.0,0.0,2064.0,24.0,0.0,0.0,1440.0,2063.0881,1.4327,0.0,0.0,10.0,10.0,,,,,,,
1927972279,2016-04-30,0,0.0,0.0,0.0,0.0,0.0,0.0,0.0,0,0,0,1440,2064,,,,,,,,,,0.0,0.0,0.0,2064.0,24.0,0.0,0.0,1440.0,2063.0881,1.4327,0.0,0.0,10.0,10.0,,,,,,,
1927972279,2016-05-01,2704,1.87,1.87,0.0,1.01,0.03,0.83,0.0,14,1,70,1355,2411,,,,,,,,,,114.0,0.0792,2704.0,2411.0,24.0,2704.0,115.0,1440.0,2411.5207,10.602,0.0792,3.0,11.6889,74.0,,,,,,,
1927972279,2016-05-02,3790,2.62,2.62,0.0,1.16,0.3,1.16,0.0,16,8,94,1322,2505,,,,,,,,,,158.0,0.1097,3790.0,2506.0,24.0,3790.0,117.0,1440.0,2505.076,10.8885,0.1097,3.0,12.1424,76.0,,,,,,,
1927972279,2016-05-03,1326,0.92,0.92,0.0,0.73,0.0,0.18,0.0,10,0,17,1413,2195,,,,,,,,,,47.0,0.0326,1326.0,2197.0,24.0,1326.0,116.0,1440.0,2195.8993,10.602,0.0326,3.0,10.6438,74.0,,,,,,,
1927972279,2016-05-04,1786,1.24,1.24,0.0,0.0,0.0,1.24,0.0,0,0,87,1353,2338,,,,,,,,,,87.0,0.0604,1786.0,2340.0,24.0,1786.0,77.0,1440.0,2338.7395,7.45,0.0604,1.0,11.3361,52.0,,,,,,,
1927972279,2016-05-05,0,0.0,0.0,0.0,0.0,0.0,0.0,0.0,0,0,0,1440,2063,,,,,,,,,,0.0,0.0,0.0,2064.0,24.0,0.0,0.0,1440.0,2063.0881,1.4327,0.0,0.0,10.0,10.0,,,,,,,
1927972279,2016-05-06,2091,1.45,1.45,0.0,0.0,0.0,1.45,0.0,0,0,108,1332,2383,,,,,,,,,,108.0,0.075,2091.0,2384.0,24.0,2091.0,68.0,1440.0,2383.01,6.3039,0.075,1.0,11.5507,44.0,,,,,,,
1927972279,2016-05-07,1510,1.04,1.04,0.0,0.0,0.0,1.04,0.0,0,0,48,1392,2229,,,,,,,,,,48.0,0.0333,1510.0,2230.0,24.0,1510.0,95.0,1440.0,2229.9976,8.8827,0.0333,1.0,10.809,62.0,,,,,,,
1927972279,2016-05-08,0,0.0,0.0,0.0,0.0,0.0,0.0,0.0,0,0,0,1440,2063,,,,,,,,,,0.0,0.0,0.0,2064.0,24.0,0.0,0.0,1440.0,2063.2313,1.576,0.0,0.0,10.0007,11.0,,,,,,,
1927972279,2016-05-09,0,0.0,0.0,0.0,0.0,0.0,0.0,0.0,0,0,0,1440,2063,,,,,,,,,,0.0,0.0,0.0,2064.0,24.0,0.0,0.0,1440.0,2063.0881,1.4327,0.0,0.0,10.0,10.0,,,,,,,
1927972279,2016-05-10,0,0.0,0.0,0.0,0.0,0.0,0.0,0.0,0,0,0,1440,2063,,,,,,,,,,0.0,0.0,0.0,2064.0,24.0,0.0,0.0,1440.0,2063.0881,1.4327,0.0,0.0,10.0,10.0,,,,,,,
1927972279,2016-05-11,0,0.0,0.0,0.0,0.0,0.0,0.0,0.0,0,0,0,1440,2063,,,,,,,,,,0.0,0.0,0.0,2064.0,24.0,0.0,0.0,1440.0,2063.0881,1.4327,0.0,0.0,10.0,10.0,,,,,,,
1927972279,2016-05-12,0,0.0,0.0,0.0,0.0,0.0,0.0,0.0,0,0,0,966,1383,,,,,,,,,,0.0,0.0,0.0,1376.0,16.0,0.0,0.0,960.0,1375.392,1.4327,0.0,0.0,10.0,10.0,,,,,,,
2022484408,2016-04-12,11875,8.34,8.34,0.0,3.31,0.77,4.26,0.0,42,14,227,1157,2390,,,,,,,,,,381.0,0.2646,11875.0,2386.0,24.0,11875.0,123.0,1440.0,2390.342,8.5091,0.2646,3.0,15.9965,82.0,,,,75.8,52.0,134.0,4836.0
2022484408,2016-04-13,12024,8.5,8.5,0.0,2.99,0.1,5.41,0.0,43,5,292,1100,2601,,,,,,,,,,431.0,0.2993,12024.0,2599.0,24.0,12024.0,163.0,1440.0,2601.929,10.7921,0.2993,3.0,17.4125,104.0,,,,80.34,51.0,156.0,5332.0
2022484408,2016-04-14,10690,7.5,7.5,0.0,2.48,0.21,4.82,0.0,32,3,257,1148,2312,,,,,,,,,,359.0,0.2493,10690.0,2310.0,24.0,10690.0,119.0,1440.0,2312.9296,7.0564,0.2493,3.0,15.4785,68.0,,,,72.63,50.0,127.0,5560.0
2022484408,2016-04-15,11034,8.03,8.03,0.0,1.94,0.31,5.78,0.0,27,9,282,1122,2525,,,,,,,,,,381.0,0.2646,11034.0,2525.0,24.0,11034.0,155.0,1440.0,2525.9694,13.075,0.2646,3.0,16.9042,126.0,,,,80.44,53.0,189.0,5302.0
2022484408,2016-04-16,10100,7.09,7.09,0.0,3.15,0.55,3.39,0.0,41,11,151,1237,2177,,,,,,,,,,296.0,0.2056,10100.0,2174.0,24.0,10100.0,126.0,1440.0,2177.5097,8.9242,0.2056,3.0,14.5722,86.0,,,,75.96,49.0,136.0,3143.0
2022484408,2016-04-17,15112,11.4,11.4,0.0,3.87,0.66,6.88,0.0,28,29,331,1052,2782,,,,,,,,,,473.0,0.3285,15112.0,2781.0,24.0,15112.0,174.0,1440.0,2782.4888,12.1411,0.3285,3.0,18.6208,117.0,,,,83.92,52.0,161.0,4948.0
2022484408,2016-04-18,14131,10.07,10.07,0.0,3.64,0.12,6.3,0.0,48,3,311,1078,2770,,,,,,,,,,461.0,0.3201,14131.0,2768.0,24.0,14131.0,150.0,1440.0,2770.8666,10.8959,0.3201,3.0,18.5431,105.0,,,,82.71,54.0,153.0,5589.0
2022484408,2016-04-19,11548,8.53,8.53,0.0,3.29,0.24,5.0,0.0,31,7,250,1152,2489,,,,,,,,,,357.0,0.2479,11548.0,2484.0,24.0,11548.0,172.0,1440.0,2488.4046,12.1411,0.2479,3.0,16.6528,117.0,,,,81.95,54.0,162.0,4500.0
2022484408,2016-04-20,15112,10.67,10.67,0.0,3.34,1.93,5.4,0.0,48,63,276,1053,2897,,,,,,,,,,546.0,0.3792,15112.0,2896.0,24.0,15112.0,170.0,1440.0,2897.2584,11.8298,0.3792,3.0,19.3889,114.0,,,,83.44,50.0,166.0,6040.0
2022484408,2016-04-21,12453,8.74,8.74,0.0,3.33,1.11,4.31,0.0,104,53,255,1028,3158,,,,,,,,,,673.0,0.4674,12453.0,3157.0,24.0,12453.0,114.0,1440.0,3158.5513,15.1504,0.4674,3.0,21.1375,146.0,,,,86.37,53.0,203.0,5544.0
2022484408,2016-04-22,12954,9.33,9.33,0.0,4.43,0.42,4.47,0.0,52,10,273,1105,2638,,,,,,,,,,449.0,0.3118,12954.0,2637.0,24.0,12954.0,155.0,1440.0,2638.9749,10.0657,0.3118,3.0,17.6604,97.0,,,,80.13,52.0,153.0,5636.0
2022484408,2016-04-23,6001,4.21,4.21,0.0,0.0,0.0,4.21,0.0,0,0,249,1191,2069,,,,,,,,,,249.0,0.1729,6001.0,2065.0,24.0,6001.0,110.0,1440.0,2069.1738,6.4337,0.1729,1.0,13.8472,62.0,,,,71.76,50.0,109.0,4178.0
2022484408,2016-04-24,13481,10.28,10.28,0.0,4.55,1.15,4.58,0.0,37,26,216,1161,2529,,,,,,,,,,379.0,0.2632,13481.0,2526.0,24.0,13481.0,174.0,1440.0,2529.7051,12.5562,0.2632,3.0,16.9292,121.0,,,,82.42,53.0,163.0,4209.0
2022484408,2016-04-25,11369,8.01,8.01,0.0,3.33,0.22,4.46,0.0,44,8,217,1171,2470,,,,,,,,,,365.0,0.2535,11369.0,2466.0,24.0,11369.0,137.0,1440.0,2470.2449,11.2072,0.2535,3.0,16.5312,108.0,,,,82.6,49.0,159.0,3812.0
2022484408,2016-04-26,10119,7.19,7.19,0.0,1.43,0.66,5.11,0.0,55,24,275,1086,2793,,,,,,,,,,488.0,0.3389,10119.0,2790.0,24.0,10119.0,176.0,1440.0,2793.2809,11.3109,0.3389,3.0,18.6931,109.0,,,,83.28,51.0,154.0,5586.0
2022484408,2016-04-27,10159,7.13,7.13,0.0,1.04,0.97,5.12,0.0,19,20,282,1119,2463,,,,,,,,,,379.0,0.2632,10159.0,2458.0,24.0,10159.0,107.0,1440.0,2463.1885,8.5091,0.2632,3.0,16.484,82.0,,,,80.9,38.0,145.0,4441.0
2022484408,2016-04-28,10140,7.12,7.12,0.0,0.41,1.33,5.39,0.0,6,20,291,1123,2296,,,,,,,,,,349.0,0.2424,10140.0,2295.0,24.0,10140.0,102.0,1440.0,2296.0151,6.4337,0.2424,3.0,15.3653,62.0,,,,71.25,51.0,114.0,5561.0
2022484408,2016-04-29,10245,7.19,7.19,0.0,0.48,1.21,5.5,0.0,21,40,281,1098,2611,,,,,,,,,,424.0,0.2944,10245.0,2608.0,24.0,10245.0,119.0,1440.0,2611.4759,8.0941,0.2944,3.0,17.4764,78.0,,,,83.41,50.0,134.0,4832.0
2022484408,2016-04-30,18387,12.91,12.91,0.0,0.94,1.4,10.57,0.0,13,23,361,1043,2732,,,,,,,,,,446.0,0.3097,18387.0,2729.0,24.0,18387.0,108.0,1440.0,2732.2641,7.0564,0.3097,3.0,18.2847,68.0,,,,77.55,51.0,123.0,5486.0
2022484408,2016-05-01,10538,7.4,7.4,0.0,1.94,0.96,4.5,0.0,25,28,245,1142,2380,,,,,,,,,,376.0,0.2611,10538.0,2377.0,24.0,10538.0,126.0,1440.0,2380.4838,7.4714,0.2611,3.0,15.9306,72.0,,,,73.53,44.0,118.0,4482.0
2022484408,2016-05-02,10379,7.29,7.29,0.0,2.61,0.34,4.33,0.0,36,8,277,1119,2473,,,,,,,,,,401.0,0.2785,10379.0,2472.0,24.0,10379.0,117.0,1440.0,2473.9806,8.9242,0.2785,3.0,16.5562,86.0,,,,77.17,50.0,137.0,7814.0
2022484408,2016-05-03,12183,8.74,8.74,0.0,3.99,0.46,4.28,0.0,72,14,250,1104,2752,,,,,,,,,,494.0,0.3431,12183.0,2750.0,24.0,12183.0,131.0,1440.0,2752.2917,10.0657,0.3431,3.0,18.4188,97.0,,,,83.02,51.0,169.0,5708.0
2022484408,2016-05-04,11768,8.29,8.29,0.0,2.51,0.93,4.85,0.0,36,27,272,1105,2649,,,,,,,,,,434.0,0.3014,11768.0,2647.0,24.0,11768.0,154.0,1440.0,2649.6632,10.9996,0.3014,3.0,17.7319,106.0,,,,82.8,54.0,159.0,6225.0
2022484408,2016-05-05,11895,8.35,8.35,0.0,2.79,0.86,4.7,0.0,55,20,253,1112,2609,,,,,,,,,,458.0,0.3181,11895.0,2606.0,24.0,11895.0,127.0,1440.0,2609.2967,10.5845,0.3181,3.0,17.4618,102.0,,,,80.71,55.0,156.0,6749.0
2022484408,2016-05-06,10227,7.18,7.18,0.0,1.87,0.67,4.64,0.0,24,17,295,1104,2498,,,,,,,,,,401.0,0.2785,10227.0,2497.0,24.0,10227.0,117.0,1440.0,2498.6779,6.8488,0.2785,3.0,16.7215,66.0,,,,81.72,60.0,118.0,5358.0
2022484408,2016-05-07,6708,4.71,4.71,0.0,1.61,0.08,3.02,0.0,20,2,149,1269,1995,,,,,,,,,,213.0,0.1479,6708.0,1992.0,24.0,6708.0,127.0,1440.0,1995.7047,8.0941,0.1479,3.0,13.3556,78.0,,,,76.07,52.0,128.0,2596.0
2022484408,2016-05-08,3292,2.31,2.31,0.0,0.0,0.0,2.31,0.0,0,0,135,1305,1848,,,,,,,,,,135.0,0.0938,3292.0,1842.0,24.0,3292.0,101.0,1440.0,1847.2098,6.4337,0.0938,1.0,12.3618,62.0,,,,76.96,53.0,127.0,1720.0
2022484408,2016-05-09,13379,9.39,9.39,0.0,2.12,1.63,5.64,0.0,35,47,297,1061,2709,,,,,,,,,,496.0,0.3444,13379.0,2709.0,24.0,13379.0,123.0,1440.0,2709.331,7.679,0.3444,3.0,18.1312,74.0,,,,81.51,51.0,133.0,6249.0
2022484408,2016-05-10,12798,8.98,8.98,0.0,2.22,1.21,5.56,0.0,57,28,271,1084,2797,,,,,,,,,,498.0,0.3458,12798.0,2795.0,24.0,12798.0,116.0,1440.0,2797.3279,11.6222,0.3458,3.0,18.7201,112.0,,,,86.58,57.0,166.0,4894.0
2022484408,2016-05-11,13272,9.32,9.32,0.0,4.18,1.15,3.99,0.0,58,25,224,1133,2544,,,,,,,,,,448.0,0.3111,13272.0,2542.0,24.0,13272.0,129.0,1440.0,2544.648,9.3393,0.3111,3.0,17.0292,90.0,,,,83.52,55.0,138.0,4247.0
2022484408,2016-05-12,9117,6.41,6.41,0.0,1.28,0.67,4.44,0.0,16,16,236,728,1853,,,,,,,,,,295.0,0.3073,8339.0,1750.0,16.0,7674.0,123.0,900.0,1622.9628,10.0657,0.2978,3.0,17.3778,97.0,,,,81.41,55.0,152.0,3527.0
2026352035,2016-04-12,4414,2.74,2.74,0.0,0.19,0.35,2.2,0.0,3,8,181,706,1459,1.0,503.0,546.0,,,,,,,206.0,0.1431,4414.0,1460.0,24.0,4414.0,107.0,1440.0,1459.5133,5.4257,0.1431,3.0,13.0764,70.0,504.0,33.0,5.0,,,,
2026352035,2016-04-13,4993,3.1,3.1,0.0,0.0,0.0,3.1,0.0,0,0,238,663,1521,1.0,531.0,565.0,,,,,,,238.0,0.1653,4993.0,1523.0,24.0,4993.0,118.0,1440.0,1521.9863,5.8908,0.1653,1.0,13.6361,76.0,511.0,24.0,4.0,,,,
2026352035,2016-04-14,3335,2.07,2.07,0.0,0.0,0.0,2.05,0.0,0,0,197,653,1431,1.0,545.0,568.0,,,,,,,197.0,0.1368,3305.0,1435.0,24.0,3305.0,72.0,1440.0,1430.9121,3.8755,0.1368,1.0,12.8201,50.0,560.0,25.0,5.0,,,,
2026352035,2016-04-15,3821,2.37,2.37,0.0,0.0,0.0,2.37,0.0,0,0,188,687,1444,1.0,523.0,573.0,,,,,,,188.0,0.1306,3821.0,1445.0,24.0,3821.0,103.0,1440.0,1444.9414,5.2707,0.1306,1.0,12.9458,68.0,517.0,41.0,7.0,,,,
2026352035,2016-04-16,2547,1.58,1.58,0.0,0.0,0.0,1.58,0.0,0,0,150,728,1373,1.0,524.0,567.0,,,,,,,150.0,0.1042,2547.0,1375.0,24.0,2547.0,88.0,1440.0,1373.7872,4.4956,0.1042,1.0,12.3083,58.0,500.0,57.0,5.0,,,,
2026352035,2016-04-17,838,0.52,0.52,0.0,0.0,0.0,0.52,0.0,0,0,60,1053,1214,1.0,437.0,498.0,,,,,,,60.0,0.0417,838.0,1221.0,24.0,838.0,52.0,1440.0,1214.9692,3.1004,0.0417,1.0,10.8854,40.0,309.0,18.0,0.0,68.66,63.0,80.0,192.0
2026352035,2016-04-18,3325,2.06,2.06,0.0,0.0,0.0,2.06,0.0,0,0,182,1062,1419,,,,,,,,,,182.0,0.1264,3325.0,1424.0,24.0,3325.0,76.0,1440.0,1419.0531,4.0305,0.1264,1.0,12.7139,52.0,169.0,23.0,4.0,,,,
2026352035,2016-04-19,2424,1.5,1.5,0.0,0.0,0.0,1.5,0.0,0,0,141,785,1356,1.0,498.0,540.0,,,,,,,141.0,0.0979,2424.0,1357.0,24.0,2424.0,61.0,1440.0,1356.1149,3.2554,0.0979,1.0,12.15,42.0,469.0,41.0,4.0,,,,
2026352035,2016-04-20,7222,4.48,4.48,0.0,0.0,0.0,4.48,0.0,0,0,327,623,1667,1.0,461.0,510.0,,,,,,,327.0,0.2271,7222.0,1668.0,24.0,7222.0,108.0,1440.0,1667.1626,5.4257,0.2271,1.0,14.9368,70.0,443.0,47.0,0.0,,,,
2026352035,2016-04-21,2467,1.53,1.53,0.0,0.0,0.0,1.53,0.0,0,0,153,749,1370,1.0,477.0,514.0,,,,,,,153.0,0.1062,2467.0,1371.0,24.0,2467.0,75.0,1440.0,1370.6093,4.0305,0.1062,1.0,12.2799,52.0,510.0,28.0,0.0,,,,
2026352035,2016-04-22,2915,1.81,1.81,0.0,0.0,0.0,1.81,0.0,0,0,162,712,1399,1.0,520.0,545.0,,,,,,,162.0,0.1125,2915.0,1403.0,24.0,2915.0,117.0,1440.0,1399.288,5.8908,0.1125,1.0,12.5368,76.0,534.0,26.0,6.0,,,,
2026352035,2016-04-23,12357,7.71,7.71,0.0,0.0,0.0,7.71,0.0,0,0,432,458,1916,1.0,522.0,554.0,,,,,,,432.0,0.3,12357.0,1917.0,24.0,12357.0,125.0,1440.0,1915.8922,6.2783,0.3,1.0,17.1653,81.0,513.0,33.0,4.0,,,,
2026352035,2016-04-24,3490,2.16,2.16,0.0,0.0,0.0,2.16,0.0,0,0,164,704,1401,1.0,555.0,591.0,,,,,,,164.0,0.1139,3490.0,1403.0,24.0,3490.0,72.0,1440.0,1401.3808,3.8755,0.1139,1.0,12.5556,50.0,549.0,18.0,5.0,,,,
2026352035,2016-04-25,6017,3.73,3.73,0.0,0.0,0.0,3.73,0.0,0,0,260,821,1576,1.0,506.0,531.0,,,,,,,260.0,0.1806,6017.0,1582.0,24.0,6017.0,101.0,1440.0,1576.9409,5.1157,0.1806,1.0,14.1285,66.0,352.0,7.0,0.0,99.51,70.0,125.0,516.0
2026352035,2016-04-26,5933,3.68,3.68,0.0,0.0,0.0,3.68,0.0,0,0,288,1018,1595,,,,,,,,,,288.0,0.2,5933.0,1599.0,24.0,5933.0,117.0,1440.0,1595.3108,5.8908,0.2,1.0,14.2931,76.0,113.0,21.0,0.0,,,,
2026352035,2016-04-27,6088,3.77,3.77,0.0,0.0,0.0,3.77,0.0,0,0,286,586,1593,1.0,508.0,545.0,,,,,,,286.0,0.1986,6088.0,1593.0,24.0,6088.0,107.0,1440.0,1593.4506,5.4257,0.1986,1.0,14.2764,70.0,532.0,31.0,5.0,,,,
2026352035,2016-04-28,6375,3.95,3.95,0.0,0.0,0.0,3.95,0.0,0,0,331,626,1649,1.0,513.0,545.0,,,,,,,331.0,0.2299,6375.0,1651.0,24.0,6375.0,92.0,1440.0,1649.8003,4.6506,0.2299,1.0,14.7812,60.0,462.0,17.0,4.0,,,,
2026352035,2016-04-29,7604,4.71,4.71,0.0,0.0,0.0,4.71,0.0,0,0,352,492,1692,1.0,490.0,510.0,,,,,,,352.0,0.2444,7604.0,1696.0,24.0,7604.0,102.0,1440.0,1692.8959,5.1157,0.2444,1.0,15.1674,66.0,557.0,34.0,5.0,,,,
2026352035,2016-04-30,4729,2.93,2.93,0.0,0.0,0.0,2.93,0.0,0,0,233,594,1506,1.0,573.0,607.0,,,,,,,233.0,0.1618,4729.0,1508.0,24.0,4729.0,107.0,1440.0,1506.4068,5.4257,0.1618,1.0,13.4965,70.0,592.0,17.0,4.0,,,,
2026352035,2016-05-01,3609,2.28,2.28,0.0,0.0,0.0,2.28,0.0,0,0,191,716,1447,1.0,527.0,546.0,,,,,,,191.0,0.1326,3609.0,1449.0,24.0,3609.0,125.0,1440.0,1447.6543,6.2783,0.1326,1.0,12.9701,81.0,503.0,26.0,4.0,,,,
2026352035,2016-05-02,7018,4.35,4.35,0.0,0.0,0.0,4.35,0.0,0,0,355,716,1690,1.0,511.0,543.0,,,,,,,355.0,0.2465,7018.0,1695.0,24.0,7018.0,95.0,1440.0,1690.3381,4.8056,0.2465,1.0,15.1444,62.0,363.0,6.0,0.0,84.13,70.0,122.0,431.0
2026352035,2016-05-03,5992,3.72,3.72,0.0,0.0,0.0,3.72,0.0,0,0,304,981,1604,,,,,,,,,,304.0,0.2111,5992.0,1608.0,24.0,5992.0,107.0,1440.0,1604.302,5.4257,0.2111,1.0,14.3736,70.0,143.0,11.0,1.0,,,,
2026352035,2016-05-04,6564,4.07,4.07,0.0,0.0,0.0,4.07,0.0,0,0,345,530,1658,1.0,538.0,560.0,,,,,,,345.0,0.2396,6564.0,1660.0,24.0,6564.0,95.0,1440.0,1658.4039,4.8056,0.2396,1.0,14.8583,62.0,541.0,23.0,0.0,,,,
2026352035,2016-05-05,12167,7.54,7.54,0.0,0.0,0.0,7.54,0.0,0,0,475,479,1926,1.0,468.0,485.0,,,,,,,475.0,0.3299,12167.0,1928.0,24.0,12167.0,110.0,1440.0,1926.511,5.5807,0.3299,1.0,17.2604,72.0,464.0,21.0,1.0,,,,
2026352035,2016-05-06,8198,5.08,5.08,0.0,0.0,0.0,5.08,0.0,0,0,383,511,1736,1.0,524.0,548.0,,,,,,,383.0,0.266,8198.0,1739.0,24.0,8198.0,100.0,1440.0,1736.9216,5.1157,0.266,1.0,15.5618,66.0,534.0,11.0,1.0,,,,
2026352035,2016-05-07,4193,2.6,2.6,0.0,0.0,0.0,2.6,0.0,0,0,229,665,1491,1.0,511.0,521.0,,,,,,,229.0,0.159,4193.0,1493.0,24.0,4193.0,71.0,1440.0,1491.3699,3.8755,0.159,1.0,13.3618,50.0,521.0,21.0,3.0,,,,
2026352035,2016-05-08,5528,3.45,3.45,0.0,0.0,0.0,3.45,0.0,0,0,258,610,1555,1.0,541.0,568.0,,,,,,,258.0,0.1792,5528.0,1559.0,24.0,5528.0,125.0,1440.0,1555.1606,6.2783,0.1792,1.0,13.9333,81.0,546.0,24.0,2.0,,,,
2026352035,2016-05-09,10685,6.62,6.62,0.0,0.0,0.0,6.6,0.0,0,0,401,543,1869,1.0,531.0,556.0,,,,,,,401.0,0.2785,10652.0,1867.0,24.0,10652.0,107.0,1440.0,1866.2858,5.4257,0.2785,1.0,16.7208,70.0,478.0,14.0,4.0,98.23,70.0,123.0,1351.0
2026352035,2016-05-10,254,0.16,0.16,0.0,0.0,0.0,0.16,0.0,0,0,17,1002,1141,1.0,357.0,380.0,,,,,,,17.0,0.0118,254.0,1150.0,24.0,254.0,23.0,1440.0,1141.4122,2.3253,0.0118,1.0,10.2264,30.0,389.0,30.0,2.0,,,,
2026352035,2016-05-11,8580,5.32,5.32,0.0,0.0,0.0,5.32,0.0,0,0,330,569,1698,1.0,523.0,553.0,,,,,,,330.0,0.2292,8580.0,1699.0,24.0,8580.0,100.0,1440.0,1698.6316,5.1157,0.2292,1.0,15.2188,66.0,512.0,25.0,4.0,,,,
2026352035,2016-05-12,8891,5.51,5.51,0.0,0.0,0.0,5.51,0.0,0,0,343,330,1364,1.0,456.0,485.0,,,,,,,320.0,0.3333,8449.0,1297.0,16.0,8449.0,94.0,960.0,1296.1997,4.8056,0.3333,1.0,17.4198,62.0,321.0,9.0,0.0,,,,
2320127002,2016-04-12,10725,7.49,7.49,0.0,1.17,0.31,6.01,0.0,13,9,306,1112,2124,,,,,,,,,,363.0,0.2521,10725.0,2122.0,24.0,10725.0,139.0,1440.0,2124.28,9.476,0.2521,3.0,16.0347,103.0,,,,,,,
2320127002,2016-04-13,7275,4.9,4.9,0.0,0.0,0.0,4.9,0.0,0,0,335,1105,2003,,,,,,,,,,335.0,0.2326,7275.0,2003.0,24.0,7275.0,84.0,1440.0,2003.944,5.152,0.2326,1.0,15.1264,56.0,,,,,,,
2320127002,2016-04-14,3973,2.68,2.68,0.0,0.0,0.0,2.68,0.0,0,0,191,1249,1696,,,,,,,,,,191.0,0.1326,3973.0,1695.0,24.0,3973.0,64.0,1440.0,1696.112,3.864,0.1326,1.0,12.8028,42.0,,,,,,,
2320127002,2016-04-15,5205,3.51,3.51,0.0,0.0,0.0,3.51,0.0,0,0,245,1195,1801,,,,,,,,,,245.0,0.1701,5205.0,1800.0,24.0,5205.0,63.0,1440.0,1801.912,3.864,0.1701,1.0,13.6014,42.0,,,,,,,
2320127002,2016-04-16,5057,3.41,3.41,0.0,0.0,0.0,3.4,0.0,0,0,195,1245,1724,,,,,,,,,,195.0,0.1354,5044.0,1722.0,24.0,5044.0,92.0,1440.0,1724.264,5.52,0.1354,1.0,13.0153,60.0,,,,,,,
2320127002,2016-04-17,6198,4.18,4.18,0.0,0.0,0.0,4.18,0.0,0,0,249,1191,1852,,,,,,,,,,249.0,0.1729,6198.0,1850.0,24.0,6198.0,115.0,1440.0,1852.88,6.808,0.1729,1.0,13.9861,74.0,,,,,,,
2320127002,2016-04-18,6559,4.42,4.42,0.0,0.0,0.26,4.14,0.0,0,7,260,1173,1905,,,,,,,,,,274.0,0.1903,6538.0,1903.0,24.0,6538.0,95.0,1440.0,1905.136,5.704,0.1903,2.0,14.3806,62.0,,,,,,,
2320127002,2016-04-19,5997,4.04,4.04,0.0,0.0,0.38,3.66,0.0,0,11,228,1201,1811,,,,,,,,,,250.0,0.1736,5997.0,1808.0,24.0,5997.0,84.0,1440.0,1811.664,5.152,0.1736,2.0,13.675,56.0,,,,,,,
2320127002,2016-04-20,7192,4.85,4.85,0.0,0.0,0.49,4.34,0.0,0,11,283,1146,1922,,,,,,,,,,305.0,0.2118,7162.0,1920.0,24.0,7162.0,102.0,1440.0,1922.616,6.072,0.2118,2.0,14.5125,66.0,,,,,,,
2320127002,2016-04-21,3404,2.29,2.29,0.0,0.06,0.42,1.81,0.0,1,10,127,1302,1610,,,,,,,,,,150.0,0.1042,3404.0,1608.0,24.0,3404.0,91.0,1440.0,1610.92,5.52,0.1042,3.0,12.1597,60.0,,,,,,,
2320127002,2016-04-22,5583,3.76,3.76,0.0,0.0,0.0,3.76,0.0,0,0,266,1174,1851,,,,,,,,,,266.0,0.1847,5583.0,1848.0,24.0,5583.0,90.0,1440.0,1851.96,5.52,0.1847,1.0,13.9792,60.0,,,,,,,
2320127002,2016-04-23,5079,3.42,3.42,0.0,0.0,0.0,3.42,0.0,0,0,242,1129,1804,1.0,61.0,69.0,,,,,,,242.0,0.1681,5079.0,1801.0,24.0,5079.0,65.0,1440.0,1804.304,4.048,0.1681,1.0,13.6194,44.0,61.0,4.0,4.0,,,,
2320127002,2016-04-24,4165,2.81,2.81,0.0,0.0,0.0,2.8,0.0,0,0,204,1236,1725,,,,,,,,,,204.0,0.1417,4159.0,1725.0,24.0,4159.0,66.0,1440.0,1725.184,4.048,0.1417,1.0,13.0222,44.0,,,,,,,
2320127002,2016-04-25,3588,2.42,2.42,0.0,0.23,0.2,1.99,0.0,3,5,152,1280,1654,,,,,,,,,,171.0,0.1188,3588.0,1653.0,24.0,3588.0,119.0,1440.0,1654.344,6.992,0.1188,3.0,12.4875,76.0,,,,,,,
2320127002,2016-04-26,3409,2.3,2.3,0.0,0.0,0.0,2.3,0.0,0,0,147,1293,1632,,,,,,,,,,147.0,0.1021,3409.0,1629.0,24.0,3409.0,123.0,1440.0,1632.816,7.176,0.1021,1.0,12.325,78.0,,,,,,,
2320127002,2016-04-27,1715,1.16,1.16,0.0,0.0,0.0,1.16,0.0,0,0,82,1358,1481,,,,,,,,,,82.0,0.0569,1715.0,1479.0,24.0,1715.0,65.0,1440.0,1481.384,4.048,0.0569,1.0,11.1819,44.0,,,,,,,
2320127002,2016-04-28,1532,1.03,1.03,0.0,0.0,0.0,1.03,0.0,0,0,76,1364,1473,,,,,,,,,,76.0,0.0528,1532.0,1469.0,24.0,1532.0,73.0,1440.0,1473.288,4.6,0.0528,1.0,11.1208,50.0,,,,,,,
2320127002,2016-04-29,924,0.62,0.62,0.0,0.0,0.0,0.62,0.0,0,0,45,1395,1410,,,,,,,,,,45.0,0.0312,924.0,1407.0,24.0,924.0,50.0,1440.0,1410.728,3.496,0.0312,1.0,10.6486,38.0,,,,,,,
2320127002,2016-04-30,4571,3.08,3.08,0.0,0.0,0.0,3.07,0.0,0,0,234,1206,1779,,,,,,,,,,234.0,0.1625,4558.0,1776.0,24.0,4558.0,104.0,1440.0,1779.096,6.256,0.1625,1.0,13.4292,68.0,,,,,,,
2320127002,2016-05-01,772,0.52,0.52,0.0,0.0,0.0,0.52,0.0,0,0,40,1400,1403,,,,,,,,,,40.0,0.0278,772.0,1400.0,24.0,772.0,60.0,1440.0,1403.736,3.864,0.0278,1.0,10.5958,42.0,,,,,,,
2320127002,2016-05-02,3634,2.45,2.45,0.0,0.36,0.21,1.88,0.0,5,6,123,1306,1613,,,,,,,,,,150.0,0.1042,3634.0,1609.0,24.0,3634.0,119.0,1440.0,1613.496,6.992,0.1042,3.0,12.1792,76.0,,,,,,,
2320127002,2016-05-03,7443,5.02,5.02,0.0,1.49,0.37,3.16,0.0,20,10,206,1204,1878,,,,,,,,,,286.0,0.1986,7443.0,1876.0,24.0,7443.0,121.0,1440.0,1878.824,7.176,0.1986,3.0,14.1819,78.0,,,,,,,
2320127002,2016-05-04,1201,0.81,0.81,0.0,0.0,0.0,0.81,0.0,0,0,52,1388,1426,,,,,,,,,,52.0,0.0361,1201.0,1422.0,24.0,1201.0,65.0,1440.0,1426.736,4.048,0.0361,1.0,10.7694,44.0,,,,,,,
2320127002,2016-05-05,5202,3.51,3.51,0.0,0.0,0.39,3.11,0.0,0,11,223,1206,1780,,,,,,,,,,245.0,0.1701,5202.0,1779.0,24.0,5202.0,62.0,1440.0,1780.752,3.864,0.1701,2.0,13.4417,42.0,,,,,,,
2320127002,2016-05-06,4878,3.29,3.29,0.0,0.0,0.0,3.29,0.0,0,0,204,1236,1742,,,,,,,,,,204.0,0.1417,4878.0,1738.0,24.0,4878.0,100.0,1440.0,1742.664,6.072,0.1417,1.0,13.1542,66.0,,,,,,,
2320127002,2016-05-07,7379,4.97,4.97,0.0,0.0,0.0,4.97,0.0,0,0,319,1121,1972,,,,,,,,,,319.0,0.2215,7379.0,1973.0,24.0,7379.0,107.0,1440.0,1972.664,6.44,0.2215,1.0,14.8903,70.0,,,,,,,
2320127002,2016-05-08,5161,3.48,3.48,0.0,0.0,0.0,3.47,0.0,0,0,247,1193,1821,,,,,,,,,,247.0,0.1715,5153.0,1820.0,24.0,5153.0,113.0,1440.0,1821.968,6.624,0.1715,1.0,13.7528,72.0,,,,,,,
2320127002,2016-05-09,3090,2.08,2.08,0.0,0.0,0.0,2.08,0.0,0,0,145,1295,1630,,,,,,,,,,145.0,0.1007,3090.0,1627.0,24.0,3090.0,74.0,1440.0,1630.24,4.6,0.1007,1.0,12.3056,50.0,,,,,,,
2320127002,2016-05-10,6227,4.2,4.2,0.0,0.0,0.0,4.2,0.0,0,0,290,1150,1899,,,,,,,,,,290.0,0.2014,6227.0,1899.0,24.0,6227.0,93.0,1440.0,1899.064,5.704,0.2014,1.0,14.3347,62.0,,,,,,,
2320127002,2016-05-11,6424,4.33,4.33,0.0,0.0,0.0,4.33,0.0,0,0,300,1140,1903,,,,,,,,,,300.0,0.2083,6424.0,1904.0,24.0,6424.0,70.0,1440.0,1903.664,4.416,0.2083,1.0,14.3694,48.0,,,,,,,
2320127002,2016-05-12,2661,1.79,1.79,0.0,0.0,0.0,1.79,0.0,0,0,128,830,1125,,,,,,,,,,124.0,0.1378,2564.0,1063.0,15.0,2564.0,66.0,900.0,1064.256,4.048,0.1378,1.0,12.8533,44.0,,,,,,,
2347167796,2016-04-12,10113,6.83,6.83,0.0,2.0,0.62,4.2,0.0,28,13,320,964,2344,,,,,,,,,,430.0,0.2986,10113.0,2342.0,24.0,10113.0,159.0,1440.0,2344.3514,9.9704,0.2986,3.0,17.3083,106.0,107.0,6.0,2.0,86.08,57.0,172.0,6753.0
2347167796,2016-04-13,10352,7.01,7.01,0.0,1.66,1.94,3.41,0.0,19,32,195,676,2038,1.0,467.0,531.0,,,,,,,316.0,0.2194,10352.0,2039.0,24.0,10352.0,162.0,1440.0,2038.7505,8.9357,0.2194,3.0,15.0521,95.0,441.0,75.0,2.0,73.81,55.0,158.0,9268.0
2347167796,2016-04-14,10129,6.7,6.7,0.0,0.02,2.74,3.94,0.0,1,48,206,705,2010,1.0,445.0,489.0,,,,,,,305.0,0.2118,10129.0,2012.0,24.0,10129.0,108.0,1440.0,2010.6265,6.7723,0.2118,3.0,14.8444,72.0,450.0,27.0,3.0,72.58,52.0,154.0,9153.0
2347167796,2016-04-15,10465,6.92,6.92,0.0,0.07,1.42,5.43,0.0,1,24,284,720,2133,1.0,452.0,504.0,,,,,,,335.0,0.2326,10465.0,2136.0,24.0,10465.0,109.0,1440.0,2133.3748,6.8664,0.2326,3.0,15.7507,73.0,366.0,42.0,3.0,75.69,55.0,136.0,9557.0
2347167796,2016-04-16,22244,15.08,15.08,0.0,5.45,4.1,5.53,0.0,66,72,268,968,2670,,,,,,,,,,610.0,0.4236,22244.0,2667.0,24.0,22244.0,167.0,1440.0,2670.5515,9.6882,0.4236,3.0,19.7167,103.0,62.0,4.0,0.0,96.62,58.0,168.0,9035.0
2347167796,2016-04-17,5472,3.62,3.62,0.0,0.08,0.28,3.26,0.0,1,7,249,508,1882,1.0,556.0,602.0,,,,,,,266.0,0.1847,5472.0,1884.0,24.0,5472.0,115.0,1440.0,1882.6109,5.8317,0.1847,3.0,13.8993,62.0,627.0,43.0,5.0,75.36,55.0,134.0,8990.0
2347167796,2016-04-18,8247,5.45,5.45,0.0,0.79,0.86,3.79,0.0,11,16,206,678,1944,1.0,500.0,557.0,,,,,,,271.0,0.1882,8247.0,1947.0,24.0,8247.0,125.0,1440.0,1944.5964,6.7723,0.1882,3.0,14.3569,72.0,460.0,63.0,6.0,71.23,53.0,134.0,9339.0
2347167796,2016-04-19,6711,4.44,4.44,0.0,0.0,0.0,4.44,0.0,0,7,382,648,2346,1.0,465.0,514.0,,,,,,,396.0,0.275,6711.0,2344.0,24.0,6711.0,112.0,1440.0,2346.0445,11.2872,0.275,2.0,17.3208,120.0,372.0,28.0,3.0,81.3,53.0,195.0,7824.0
2347167796,2016-04-20,10999,7.27,7.27,0.0,0.68,1.81,4.78,0.0,11,43,269,1011,2198,,,,,,,,,,388.0,0.2694,10999.0,2195.0,24.0,10999.0,124.0,1440.0,2198.2762,8.8416,0.2694,3.0,16.2299,94.0,98.0,8.0,0.0,78.18,53.0,161.0,7156.0
2347167796,2016-04-21,10080,6.75,6.75,0.0,1.85,1.53,3.38,0.0,23,26,208,761,2048,1.0,460.0,484.0,,,,,,,329.0,0.2285,10080.0,2051.0,24.0,10080.0,160.0,1440.0,2048.8149,9.7822,0.2285,3.0,15.1264,104.0,400.0,18.0,4.0,73.41,51.0,171.0,9289.0
2347167796,2016-04-22,7804,5.16,5.16,0.0,0.56,1.68,2.92,0.0,9,27,206,781,1946,1.0,405.0,461.0,,,,,,,287.0,0.1993,7804.0,1947.0,24.0,7804.0,110.0,1440.0,1946.1954,9.5941,0.1993,3.0,14.3688,102.0,367.0,47.0,3.0,72.0,53.0,165.0,9172.0
2347167796,2016-04-23,16901,11.37,11.37,0.0,2.78,1.45,7.15,0.0,32,35,360,591,2629,1.0,374.0,386.0,,,,,,,526.0,0.3653,16901.0,2628.0,24.0,16901.0,165.0,1440.0,2629.2592,9.3119,0.3653,3.0,19.4118,99.0,407.0,15.0,0.0,83.43,53.0,157.0,9543.0
2347167796,2016-04-24,9471,6.26,6.26,0.0,0.0,0.0,6.26,0.0,0,0,360,584,2187,1.0,442.0,459.0,,,,,,,360.0,0.25,9471.0,2187.0,24.0,9471.0,123.0,1440.0,2186.6128,6.0198,0.25,1.0,16.1438,64.0,482.0,14.0,0.0,77.58,54.0,127.0,8832.0
2347167796,2016-04-25,9482,6.38,6.38,0.0,1.27,0.52,4.6,0.0,15,11,277,653,2095,1.0,433.0,471.0,,,,,,,344.0,0.2389,9482.0,2093.0,24.0,9482.0,155.0,1440.0,2095.1865,9.3119,0.2389,3.0,15.4688,99.0,433.0,48.0,3.0,73.86,53.0,160.0,9528.0
2347167796,2016-04-26,5980,3.95,3.95,0.0,0.0,0.0,3.95,0.0,0,0,227,732,1861,1.0,436.0,490.0,,,,,,,227.0,0.1576,5980.0,1861.0,24.0,5980.0,99.0,1440.0,1861.1652,5.4555,0.1576,1.0,13.741,58.0,431.0,46.0,3.0,71.73,49.0,122.0,9023.0
2347167796,2016-04-27,11423,7.58,7.58,0.0,1.86,0.4,5.32,0.0,26,9,295,623,2194,1.0,448.0,499.0,,,,,,,391.0,0.2715,11423.0,2195.0,24.0,11423.0,144.0,1440.0,2194.2317,7.9951,0.2715,3.0,16.2,85.0,432.0,49.0,6.0,75.19,51.0,144.0,8842.0
2347167796,2016-04-28,5439,3.6,3.6,0.0,0.0,0.0,3.6,0.0,0,0,229,764,1854,1.0,408.0,450.0,,,,,,,229.0,0.159,5439.0,1856.0,24.0,5439.0,102.0,1440.0,1854.7691,5.8317,0.159,1.0,13.6938,62.0,414.0,32.0,1.0,73.41,55.0,138.0,9015.0
2347167796,2016-04-29,42,0.03,0.03,0.0,0.0,0.0,0.03,0.0,0,0,4,2,403,1.0,411.0,473.0,,,,,,,2.0,0.0056,25.0,345.0,6.0,25.0,17.0,360.0,344.7299,2.4456,0.0056,1.0,10.1806,26.0,353.0,57.0,2.0,62.87,54.0,85.0,2364.0
2873212765,2016-04-12,8796,5.91,5.91,0.0,0.11,0.93,4.88,0.0,2,21,356,1061,1982,,,,,,,,,,404.0,0.2806,8796.0,1985.0,24.0,8796.0,113.0,1440.0,1982.3231,5.9724,0.2806,3.0,15.6736,68.0,,,,,,,
2873212765,2016-04-13,7618,5.12,5.12,0.0,0.0,0.22,4.88,0.02,0,8,404,1028,2004,,,,,,,,,,420.0,0.2917,7618.0,2007.0,24.0,7618.0,110.0,1440.0,2004.2806,7.9047,0.2917,2.0,15.8472,90.0,,,,,,,
2873212765,2016-04-14,7910,5.32,5.32,0.0,0.0,0.0,5.32,0.0,0,0,331,1109,1893,,,,,,,,,,331.0,0.2299,7910.0,1895.0,24.0,7910.0,117.0,1440.0,1893.2635,7.5534,0.2299,1.0,14.9694,86.0,,,,,,,
2873212765,2016-04-15,8482,5.7,5.7,0.0,0.0,0.0,5.69,0.01,0,0,448,992,2063,,,,,,,,,,448.0,0.3111,8482.0,2066.0,24.0,8482.0,108.0,1440.0,2063.6537,6.4994,0.3111,1.0,16.3167,74.0,,,,,,,
2873212765,2016-04-16,9685,6.65,6.65,0.0,3.11,0.02,3.51,0.01,47,1,305,1087,2148,,,,,,,,,,448.0,0.3111,9677.0,2150.0,24.0,9677.0,159.0,1440.0,2148.5712,8.3913,0.3111,3.0,17.0028,96.0,,,,,,,
2873212765,2016-04-17,2524,1.7,1.7,0.0,0.0,0.35,1.34,0.0,0,8,160,1272,1529,,,,,,,,,,176.0,0.1222,2524.0,1533.0,24.0,2524.0,94.0,1440.0,1529.9986,5.0941,0.1222,2.0,12.0972,58.0,,,,,,,
2873212765,2016-04-18,7762,5.24,5.24,0.0,0.07,0.28,4.89,0.0,1,6,311,1122,1890,,,,,,,,,,326.0,0.2264,7762.0,1893.0,24.0,7762.0,140.0,1440.0,1890.1894,7.6412,0.2264,3.0,14.9451,87.0,,,,,,,
2873212765,2016-04-19,7948,5.37,5.37,0.0,0.0,0.0,5.36,0.0,0,0,389,1051,1956,,,,,,,,,,389.0,0.2701,7948.0,1957.0,24.0,7948.0,134.0,1440.0,1956.9402,8.1682,0.2701,1.0,15.4729,93.0,,,,,,,
2873212765,2016-04-20,9202,6.3,6.3,0.0,1.51,0.12,4.66,0.01,22,5,378,1035,2094,,,,,,,,,,454.0,0.3153,9202.0,2106.0,24.0,9202.0,150.0,1440.0,2102.7732,8.35,0.3153,3.0,16.625,95.0,,,,,,,
2873212765,2016-04-21,8859,5.98,5.98,0.0,0.13,0.37,5.47,0.01,2,10,371,1057,1970,,,,56.7000007629395,125.002104340889,,21.4500007629395,True,1461283199000.0,397.0,0.2757,8859.0,1967.0,24.0,8859.0,158.0,1440.0,1970.161,6.7337,0.2757,3.0,15.6451,77.0,,,,,,,
2873212765,2016-04-22,7286,4.9,4.9,0.0,0.46,0.0,4.42,0.02,46,0,366,1028,2241,,,,,,,,,,389.0,0.2701,7286.0,1950.0,24.0,7286.0,103.0,1440.0,1950.4848,5.9466,0.2701,1.0,15.4889,68.0,,,,,,,
2873212765,2016-04-23,9317,6.35,6.35,0.0,2.09,0.23,4.02,0.01,28,5,330,1077,2021,,,,,,,,,,424.0,0.2944,9317.0,2016.0,24.0,9317.0,152.0,1440.0,2021.0569,13.0301,0.2944,3.0,16.0493,149.0,,,,,,,
2873212765,2016-04-24,6873,4.68,4.68,0.0,3.0,0.06,1.62,0.0,46,1,190,1203,1898,,,,,,,,,,330.0,0.2292,6873.0,1890.0,24.0,6873.0,164.0,1440.0,1898.1599,8.3261,0.2292,3.0,15.0667,95.0,,,,,,,
2873212765,2016-04-25,7373,4.95,4.95,0.0,0.0,0.0,4.95,0.0,0,0,359,1081,1907,,,,,,,,,,359.0,0.2493,7373.0,1904.0,24.0,7373.0,109.0,1440.0,1907.1096,8.3952,0.2493,1.0,15.1444,96.0,,,,,,,
2873212765,2016-04-26,8242,5.54,5.54,0.0,0.12,0.18,5.24,0.0,2,5,309,1124,1882,,,,,,,,,,325.0,0.2257,8242.0,1877.0,24.0,8242.0,105.0,1440.0,1882.9734,7.8705,0.2257,3.0,14.9528,90.0,,,,,,,
2873212765,2016-04-27,3516,2.36,2.36,0.0,0.0,0.0,2.36,0.0,46,0,197,1197,1966,,,,,,,,,,335.0,0.2326,3516.0,1963.0,24.0,3516.0,115.0,1440.0,1966.5458,8.3261,0.2326,3.0,15.6097,95.0,,,,,,,
2873212765,2016-04-28,7913,5.41,5.41,0.0,2.16,0.34,2.91,0.0,28,7,213,1192,1835,,,,,,,,,,311.0,0.216,7913.0,1831.0,24.0,7913.0,155.0,1440.0,1835.8378,8.5701,0.216,3.0,14.5785,98.0,,,,,,,
2873212765,2016-04-29,7365,4.95,4.95,0.0,1.36,1.41,2.18,0.0,20,23,206,1191,1780,,,,,,,,,,312.0,0.2167,7365.0,1778.0,24.0,7365.0,113.0,1440.0,1780.482,6.996,0.2167,3.0,14.1389,80.0,,,,,,,
2873212765,2016-04-30,8452,5.68,5.68,0.0,0.33,1.08,4.26,0.01,5,20,248,1167,1830,,,,,,,,,,303.0,0.2104,8452.0,1825.0,24.0,8452.0,110.0,1440.0,1830.6783,6.996,0.2104,3.0,14.5375,80.0,,,,,,,
2873212765,2016-05-01,7399,4.97,4.97,0.0,0.49,1.04,3.44,0.0,7,18,196,1219,1739,,,,,,,,,,253.0,0.1757,7399.0,1736.0,24.0,7399.0,115.0,1440.0,1739.7303,7.6956,0.1757,3.0,13.8153,88.0,,,,,,,
2873212765,2016-05-02,7525,5.06,5.06,0.0,0.0,0.21,4.83,0.02,0,7,334,1099,1878,,,,,,,,,,348.0,0.2417,7525.0,1877.0,24.0,7525.0,100.0,1440.0,1878.7758,6.2964,0.2417,2.0,14.9194,72.0,,,,,,,
2873212765,2016-05-03,7412,4.98,4.98,0.0,0.06,0.25,4.66,0.01,1,6,363,1070,1906,,,,,,,,,,378.0,0.2625,7412.0,1904.0,24.0,7412.0,110.0,1440.0,1906.0602,6.996,0.2625,3.0,15.1361,80.0,,,,,,,
2873212765,2016-05-04,8278,5.56,5.56,0.0,0.0,0.0,5.56,0.0,0,0,420,1020,2015,,,,,,,,,,420.0,0.2917,8278.0,2013.0,24.0,8278.0,107.0,1440.0,2015.0229,7.8705,0.2917,1.0,16.0014,90.0,,,,,,,
2873212765,2016-05-05,8314,5.61,5.61,0.0,0.78,0.8,4.03,0.0,13,23,311,1093,1971,,,,,,,,,,396.0,0.275,8314.0,1967.0,24.0,8314.0,137.0,1440.0,1971.3853,7.8705,0.275,3.0,15.6549,90.0,,,,,,,
2873212765,2016-05-06,7063,4.75,4.75,0.0,0.0,0.12,4.61,0.01,0,5,370,1065,1910,,,,,,,,,,380.0,0.2639,7063.0,1909.0,24.0,7063.0,104.0,1440.0,1910.7825,5.9466,0.2639,2.0,15.1736,68.0,,,,,,,
2873212765,2016-05-07,4940,3.38,3.38,0.0,2.28,0.55,0.55,0.0,75,11,52,1302,1897,,,,,,,,,,299.0,0.2076,4940.0,1890.0,24.0,4940.0,147.0,1440.0,1897.6352,13.7296,0.2076,3.0,15.0625,157.0,,,,,,,
2873212765,2016-05-08,8168,5.54,5.54,0.0,2.9,0.0,2.64,0.0,46,0,326,1068,2096,,,,,,,,,,464.0,0.3222,8168.0,2094.0,24.0,8168.0,141.0,1440.0,2096.6714,8.3261,0.3222,3.0,16.6431,95.0,,,,,,,
2873212765,2016-05-09,7726,5.19,5.19,0.0,0.0,0.0,5.19,0.0,0,0,345,1095,1906,,,,,,,,,,345.0,0.2396,7726.0,1906.0,24.0,7726.0,107.0,1440.0,1906.9347,7.1709,0.2396,1.0,15.1431,82.0,,,,,,,
2873212765,2016-05-10,8275,5.56,5.56,0.0,0.0,0.0,5.55,0.01,0,0,373,1067,1962,,,,,,,,,,373.0,0.259,8275.0,1960.0,24.0,8275.0,111.0,1440.0,1962.378,6.4713,0.259,1.0,15.5833,74.0,,,,,,,
2873212765,2016-05-11,6440,4.33,4.33,0.0,0.0,0.0,4.32,0.01,0,0,319,1121,1826,,,,,,,,,,319.0,0.2215,6440.0,1815.0,24.0,6440.0,106.0,1440.0,1817.9106,6.2964,0.2215,1.0,14.4361,72.0,,,,,,,
2873212765,2016-05-12,7566,5.11,5.11,0.0,0.0,0.0,5.11,0.0,0,0,268,720,1431,,,,57.2999992370605,126.324874550011,,21.6900005340576,True,1463097599000.0,259.0,0.2698,7475.0,1395.0,16.0,7475.0,140.0,960.0,1393.6717,8.0859,0.2698,1.0,16.5177,92.0,,,,,,,
3372868164,2016-04-12,4747,3.24,3.24,0.0,0.0,0.0,3.23,0.01,0,0,280,1160,1788,,,,,,,,,,280.0,0.1944,4747.0,1787.0,24.0,4747.0,79.0,1440.0,1788.1065,6.36,0.1944,1.0,13.2764,68.0,,,,,,,
3372868164,2016-04-13,9715,6.63,6.63,0.0,0.99,0.34,5.27,0.02,16,8,371,1045,2093,,,,,,,,,,435.0,0.3021,9715.0,2092.0,24.0,9715.0,118.0,1440.0,2093.2014,9.1659,0.3021,3.0,15.5417,98.0,,,,,,,
3372868164,2016-04-14,8844,6.03,6.03,0.0,0.34,1.03,4.65,0.01,6,25,370,1039,2065,,,,,,,,,,438.0,0.3042,8844.0,2065.0,24.0,8844.0,111.0,1440.0,2065.3295,9.5401,0.3042,3.0,15.3347,102.0,,,,,,,
3372868164,2016-04-15,7451,5.08,5.08,0.0,0.0,0.0,5.06,0.02,0,0,335,1105,1908,,,,,,,,,,335.0,0.2326,7451.0,1909.0,24.0,7451.0,102.0,1440.0,1908.3861,6.173,0.2326,1.0,14.1694,66.0,,,,,,,
3372868164,2016-04-16,6905,4.73,4.73,0.0,0.0,0.0,4.7,0.03,0,0,356,1084,1908,,,,,,,,,,356.0,0.2472,6905.0,1908.0,24.0,6905.0,127.0,1440.0,1908.1055,5.5183,0.2472,1.0,14.1674,59.0,,,,,,,
3372868164,2016-04-17,8199,5.88,5.88,0.0,1.41,0.1,4.36,0.01,11,2,322,1105,1964,,,,,,,,,,359.0,0.2493,8199.0,1966.0,24.0,8199.0,164.0,1440.0,1964.4106,10.0077,0.2493,3.0,14.5854,107.0,,,,,,,
3372868164,2016-04-18,6798,4.64,4.64,0.0,1.08,0.2,3.35,0.0,20,7,343,1070,2014,,,,,,,,,,417.0,0.2896,6798.0,2014.0,24.0,6798.0,120.0,1440.0,2014.075,9.353,0.2896,3.0,14.9542,100.0,,,,,,,
3372868164,2016-04-19,7711,5.26,5.26,0.0,0.0,0.0,5.24,0.02,0,0,376,1064,1985,,,,,,,,,,376.0,0.2611,7711.0,1983.0,24.0,7711.0,108.0,1440.0,1985.829,8.2306,0.2611,1.0,14.7444,88.0,,,,,,,
3372868164,2016-04-20,4880,3.33,3.33,0.0,0.84,0.09,2.38,0.02,15,3,274,1148,1867,,,,,,,,,,325.0,0.2257,4880.0,1867.0,24.0,4880.0,110.0,1440.0,1867.9812,8.7918,0.2257,3.0,13.8694,94.0,,,,,,,
3372868164,2016-04-21,8857,6.07,6.07,0.0,1.15,0.26,4.64,0.01,18,9,376,1037,2124,,,,,,,,,,448.0,0.3111,8857.0,2125.0,24.0,8857.0,127.0,1440.0,2124.1598,10.0077,0.3111,3.0,15.7715,107.0,,,,,,,
3372868164,2016-04-22,3843,2.62,2.62,0.0,0.0,0.0,2.61,0.01,0,0,206,1234,1669,,,,,,,,,,206.0,0.1431,3843.0,1668.0,24.0,3843.0,85.0,1440.0,1669.5105,4.3024,0.1431,1.0,12.3958,46.0,,,,,,,
3372868164,2016-04-23,7396,5.07,5.07,0.0,1.4,0.08,3.58,0.0,20,2,303,1115,1995,,,,,,,,,,367.0,0.2549,7396.0,1996.0,24.0,7396.0,127.0,1440.0,1995.4626,10.0077,0.2549,3.0,14.816,107.0,,,,,,,
3372868164,2016-04-24,6731,4.59,4.59,0.0,0.89,0.19,3.49,0.02,14,7,292,1127,1921,,,,,,,,,,348.0,0.2417,6731.0,1919.0,24.0,6731.0,119.0,1440.0,1921.4803,9.7271,0.2417,3.0,14.2667,104.0,,,,,,,
3372868164,2016-04-25,5995,4.09,4.09,0.0,0.0,0.0,4.09,0.0,0,0,416,1024,2010,,,,,,,,,,416.0,0.2889,5995.0,2012.0,24.0,5995.0,107.0,1440.0,2010.7079,8.9789,0.2889,1.0,14.9292,96.0,,,,,,,
3372868164,2016-04-26,8283,5.79,5.79,0.0,1.85,0.05,3.87,0.01,22,2,333,1083,2057,,,,,,,,,,403.0,0.2799,8283.0,2056.0,24.0,8283.0,147.0,1440.0,2057.0053,10.2883,0.2799,3.0,15.2729,110.0,,,,,,,
3372868164,2016-04-27,7904,5.42,5.42,0.0,1.58,0.63,3.19,0.01,24,13,346,1057,2095,,,,,,,,,,444.0,0.3083,7904.0,2095.0,24.0,7904.0,142.0,1440.0,2095.9138,10.3818,0.3083,3.0,15.5618,111.0,,,,,,,
3372868164,2016-04-28,5512,3.76,3.76,0.0,0.0,0.0,3.76,0.0,0,0,385,1055,1972,,,,,,,,,,385.0,0.2674,5512.0,1971.0,24.0,5512.0,79.0,1440.0,1972.5477,8.4177,0.2674,1.0,14.6458,90.0,,,,,,,
3372868164,2016-04-29,9135,6.23,6.23,0.0,0.0,0.0,6.22,0.01,0,0,402,1038,2044,,,,,,,,,,402.0,0.2792,9135.0,2044.0,24.0,9135.0,108.0,1440.0,2044.9399,5.4247,0.2792,1.0,15.1833,58.0,,,,,,,
3372868164,2016-04-30,5250,3.58,3.58,0.0,1.06,0.09,2.42,0.01,17,4,300,1119,1946,,,,,,,,,,359.0,0.2493,5250.0,1945.0,24.0,5250.0,118.0,1440.0,1946.9205,9.5401,0.2493,3.0,14.4556,102.0,,,,,,,
3372868164,2016-05-01,3077,2.1,2.1,0.0,0.0,0.0,2.09,0.0,0,0,172,842,1237,,,,,,,,,,160.0,0.1667,2901.0,1167.0,16.0,2901.0,101.0,960.0,1166.5062,6.5471,0.1667,1.0,12.9917,70.0,,,,,,,
3977333714,2016-04-12,8856,5.98,5.98,0.0,3.06,0.91,2.01,0.0,44,19,131,777,1450,1.0,274.0,469.0,,,,,,,301.0,0.209,8856.0,1450.0,24.0,8856.0,159.0,1440.0,1450.6539,8.081,0.209,3.0,14.3361,115.0,274.0,182.0,13.0,,,,
3977333714,2016-04-13,10035,6.71,6.71,0.0,2.03,2.13,2.55,0.0,31,46,153,754,1495,2.0,295.0,456.0,,,,,,,338.0,0.2347,10035.0,1492.0,24.0,10035.0,116.0,1440.0,1495.7672,5.2,0.2347,3.0,14.7819,74.0,295.0,155.0,6.0,,,,
3977333714,2016-04-14,7641,5.11,5.11,0.0,0.32,0.97,3.82,0.0,5,23,214,801,1433,1.0,291.0,397.0,,,,,,,275.0,0.191,7641.0,1432.0,24.0,7641.0,102.0,1440.0,1433.2972,4.6378,0.191,3.0,14.1646,66.0,291.0,101.0,5.0,,,,
3977333714,2016-04-15,9010,6.06,6.06,0.0,1.05,1.75,3.26,0.0,15,42,183,644,1468,1.0,424.0,556.0,,,,,,,312.0,0.2167,9010.0,1469.0,24.0,9010.0,160.0,1440.0,1468.5728,7.0973,0.2167,3.0,14.5132,101.0,424.0,130.0,2.0,,,,
3977333714,2016-04-16,13459,9.0,9.0,0.0,2.03,4.0,2.97,0.0,31,83,153,663,1625,1.0,283.0,510.0,,,,,,,412.0,0.2861,13459.0,1624.0,24.0,13459.0,124.0,1440.0,1625.0641,5.4811,0.2861,3.0,16.0597,78.0,283.0,227.0,0.0,,,,
3977333714,2016-04-17,10415,6.97,6.97,0.0,0.7,2.35,3.92,0.0,11,58,205,600,1529,1.0,381.0,566.0,,,,,,,354.0,0.2458,10415.0,1529.0,24.0,10415.0,115.0,1440.0,1529.7077,5.2,0.2458,3.0,15.1174,74.0,381.0,181.0,4.0,,,,
3977333714,2016-04-18,11663,7.8,7.8,0.0,0.25,3.73,3.82,0.0,4,95,214,605,1584,2.0,412.0,522.0,,,,,,,416.0,0.2889,11663.0,1583.0,24.0,11663.0,102.0,1440.0,1584.3777,4.6378,0.2889,3.0,15.6576,66.0,412.0,107.0,3.0,,,,
3977333714,2016-04-19,12414,8.78,8.78,0.0,2.24,2.45,3.96,0.0,19,67,221,738,1638,1.0,219.0,395.0,,,,,,,412.0,0.2861,12257.0,1632.0,24.0,12257.0,161.0,1440.0,1631.037,8.2216,0.2861,3.0,16.1188,117.0,219.0,172.0,4.0,,,,
3977333714,2016-04-20,11658,7.83,7.83,0.0,0.2,4.35,3.28,0.0,2,98,164,845,1554,2.0,152.0,305.0,,,,,,,366.0,0.2542,11658.0,1553.0,24.0,11658.0,157.0,1440.0,1554.7238,8.081,0.2542,3.0,15.3646,115.0,152.0,172.0,7.0,,,,
3977333714,2016-04-21,6093,4.08,4.08,0.0,0.0,0.0,4.06,0.0,0,0,242,712,1397,1.0,332.0,512.0,,,,,,,242.0,0.1681,6072.0,1394.0,24.0,6072.0,105.0,1440.0,1396.3352,4.7784,0.1681,1.0,13.7993,68.0,332.0,150.0,4.0,,,,
3977333714,2016-04-22,8911,5.96,5.96,0.0,2.33,0.58,3.06,0.0,33,12,188,731,1481,1.0,355.0,476.0,,,,,,,311.0,0.216,8911.0,1482.0,24.0,8911.0,113.0,1440.0,1481.3619,5.0594,0.216,3.0,14.6396,72.0,355.0,120.0,1.0,,,,
3977333714,2016-04-23,12058,8.07,8.07,0.0,0.0,4.22,3.85,0.0,0,92,252,724,1638,1.0,235.0,372.0,,,,,,,436.0,0.3028,12058.0,1637.0,24.0,12058.0,115.0,1440.0,1638.7667,5.2,0.3028,2.0,16.1951,74.0,235.0,136.0,1.0,,,,
3977333714,2016-04-24,14112,10.0,10.0,0.0,3.27,4.56,2.17,0.0,30,95,129,660,1655,1.0,310.0,526.0,,,,,,,409.0,0.284,14112.0,1654.0,24.0,14112.0,177.0,1440.0,1655.3504,8.9243,0.284,3.0,16.359,127.0,310.0,214.0,2.0,,,,
3977333714,2016-04-25,11177,8.48,8.48,0.0,5.62,0.43,2.41,0.0,50,9,133,781,1570,1.0,262.0,467.0,,,,,,,301.0,0.209,11168.0,1564.0,24.0,11168.0,187.0,1440.0,1568.1453,9.4865,0.209,3.0,15.4972,135.0,262.0,201.0,4.0,,,,
3977333714,2016-04-26,11388,7.62,7.62,0.0,0.45,4.22,2.95,0.0,7,95,170,797,1551,1.0,250.0,371.0,,,,,,,381.0,0.2646,11388.0,1552.0,24.0,11388.0,103.0,1440.0,1551.913,4.7784,0.2646,3.0,15.3368,68.0,250.0,119.0,2.0,,,,
3977333714,2016-04-27,7193,5.04,5.04,0.0,0.0,0.42,4.62,0.0,0,10,176,714,1377,1.0,349.0,540.0,,,,,,,196.0,0.1361,7193.0,1376.0,24.0,7193.0,165.0,1440.0,1377.292,7.9405,0.1361,2.0,13.6111,113.0,349.0,186.0,5.0,,,,
3977333714,2016-04-28,7114,4.88,4.88,0.0,1.37,0.29,3.22,0.0,15,8,190,804,1407,1.0,261.0,423.0,,,,,,,251.0,0.1743,7114.0,1404.0,24.0,7114.0,176.0,1440.0,1407.7189,7.6594,0.1743,3.0,13.9118,109.0,261.0,155.0,7.0,,,,
3977333714,2016-04-29,10645,7.75,7.75,0.0,3.74,1.3,2.71,0.0,36,32,150,744,1545,1.0,333.0,478.0,,,,,,,322.0,0.2236,10645.0,1543.0,24.0,10645.0,190.0,1440.0,1545.2373,9.627,0.2236,3.0,15.2708,137.0,333.0,145.0,0.0,,,,
3977333714,2016-04-30,13238,9.2,9.2,0.0,3.69,2.1,3.41,0.0,43,52,194,687,1650,1.0,237.0,382.0,,,,,,,427.0,0.2965,13238.0,1650.0,24.0,13238.0,155.0,1440.0,1650.2207,7.9405,0.2965,3.0,16.3083,113.0,284.0,176.0,4.0,,,,
3977333714,2016-05-01,10414,7.07,7.07,0.0,2.67,1.98,2.41,0.0,41,40,124,691,1501,1.0,383.0,626.0,,,,,,,327.0,0.2271,10414.0,1500.0,24.0,10414.0,178.0,1440.0,1501.5294,9.0648,0.2271,3.0,14.8389,129.0,336.0,202.0,6.0,,,,
3977333714,2016-05-02,16520,11.05,11.05,0.0,1.54,6.48,3.02,0.0,24,143,176,713,1760,1.0,230.0,384.0,,,,,,,534.0,0.3708,16520.0,1761.0,24.0,16520.0,170.0,1440.0,1760.896,7.3081,0.3708,3.0,17.4021,104.0,230.0,146.0,8.0,,,,
3977333714,2016-05-03,14335,9.59,9.59,0.0,3.32,1.74,4.53,0.0,47,41,258,594,1710,1.0,292.0,500.0,,,,,,,481.0,0.334,14335.0,1707.0,24.0,14335.0,131.0,1440.0,1709.5989,5.7621,0.334,3.0,16.8951,82.0,292.0,200.0,8.0,,,,
3977333714,2016-05-04,13559,9.44,9.44,0.0,1.81,4.58,2.89,0.0,14,96,142,852,1628,1.0,213.0,336.0,,,,,,,376.0,0.2611,13373.0,1620.0,24.0,13373.0,189.0,1440.0,1619.7938,9.4865,0.2611,3.0,16.0076,135.0,213.0,120.0,3.0,,,,
3977333714,2016-05-05,12312,8.58,8.58,0.0,1.76,4.11,2.71,0.0,14,88,178,680,1618,1.0,318.0,480.0,,,,,,,396.0,0.275,12312.0,1617.0,24.0,12312.0,186.0,1440.0,1618.1073,9.3459,0.275,3.0,15.991,133.0,318.0,160.0,2.0,,,,
3977333714,2016-05-06,11677,8.28,8.28,0.0,3.11,2.51,2.67,0.0,29,55,168,676,1590,1.0,323.0,512.0,,,,,,,365.0,0.2535,11677.0,1587.0,24.0,11677.0,177.0,1440.0,1589.3669,8.9243,0.2535,3.0,15.7069,127.0,323.0,183.0,6.0,,,,
3977333714,2016-05-07,11550,7.73,7.73,0.0,0.0,4.13,3.59,0.0,0,86,208,703,1574,1.0,237.0,443.0,,,,,,,380.0,0.2639,11550.0,1572.0,24.0,11550.0,132.0,1440.0,1574.821,5.9027,0.2639,2.0,15.5632,84.0,237.0,205.0,1.0,,,,
3977333714,2016-05-08,13585,9.09,9.09,0.0,0.68,5.24,3.17,0.0,9,116,171,688,1633,2.0,259.0,456.0,,,,,,,430.0,0.2986,13585.0,1633.0,24.0,13585.0,136.0,1440.0,1633.8478,6.0432,0.2986,3.0,16.1465,86.0,259.0,197.0,0.0,,,,
3977333714,2016-05-09,14687,10.08,10.08,0.0,0.77,5.6,3.55,0.0,8,122,151,1159,1667,,,,,,,,,,419.0,0.291,14513.0,1658.0,24.0,14513.0,180.0,1440.0,1658.2315,9.0648,0.291,3.0,16.3875,129.0,,,,,,,
3977333714,2016-05-10,13072,8.78,8.78,0.0,0.07,5.4,3.31,0.0,1,115,196,676,1630,1.0,312.0,452.0,,,,,,,429.0,0.2979,13072.0,1627.0,24.0,13072.0,174.0,1440.0,1630.1938,8.7837,0.2979,3.0,16.1104,125.0,312.0,135.0,5.0,,,,
3977333714,2016-05-11,746,0.5,0.5,0.0,0.37,0.0,0.13,0.0,4,0,9,13,52,,,,,,,,,,,,,,,,,,,,,,,,,,,,,,
4020332650,2016-04-12,8539,6.12,6.12,0.0,0.15,0.24,5.68,0.0,4,15,331,712,3654,1.0,501.0,541.0,,,,,,,373.0,0.259,8489.0,3648.0,24.0,8489.0,103.0,1440.0,3647.6983,9.9029,0.259,3.0,18.4174,72.0,356.0,21.0,1.0,83.5,49.0,133.0,33963.0
4020332650,2016-04-13,0,0.0,0.0,0.0,0.0,0.0,0.0,0.0,0,0,0,1440,1981,,,,,,,,,,0.0,0.0,0.0,1992.0,24.0,0.0,0.0,1440.0,1980.5759,1.3754,0.0,0.0,10.0,10.0,,,,,,,
4020332650,2016-04-14,108,0.08,0.08,0.0,0.0,0.0,0.03,0.0,0,0,3,1437,2011,,,,,,,,,,3.0,0.0021,38.0,2006.0,24.0,38.0,21.0,1440.0,1996.393,5.3641,0.0021,1.0,10.0799,39.0,,,,90.7,65.0,133.0,1448.0
4020332650,2016-04-15,1882,1.35,1.35,0.0,0.21,0.36,0.77,0.0,36,18,87,1299,2951,,,,,,,,,,231.0,0.1604,1873.0,2955.0,24.0,1873.0,118.0,1440.0,2948.8575,19.2556,0.1604,3.0,14.8889,140.0,,,,92.93,51.0,191.0,10947.0
4020332650,2016-04-16,1982,1.42,1.42,0.0,0.45,0.37,0.59,0.0,65,21,55,1222,3051,1.0,77.0,77.0,,,,,,,292.0,0.2028,1969.0,3059.0,24.0,1969.0,112.0,1440.0,3051.4624,12.6537,0.2028,3.0,15.4069,92.0,77.0,0.0,0.0,100.9,62.0,143.0,8523.0
4020332650,2016-04-17,16,0.01,0.01,0.0,0.0,0.0,0.01,0.0,0,0,2,1438,1990,,,,,,,,,,2.0,0.0014,7.0,1999.0,24.0,7.0,7.0,1440.0,1988.4157,6.1893,0.0014,1.0,10.0396,45.0,,,,98.83,66.0,116.0,69.0
4020332650,2016-04-18,62,0.04,0.04,0.0,0.0,0.0,0.04,0.0,0,0,2,1438,1995,,,,,,,,,,2.0,0.0014,62.0,2006.0,24.0,62.0,36.0,1440.0,1995.0176,8.5275,0.0014,1.0,10.0729,62.0,,,,,,,
4020332650,2016-04-19,0,0.0,0.0,0.0,0.0,0.0,0.0,0.0,0,0,0,1440,1980,,,,,,,,,,0.0,0.0,0.0,1992.0,24.0,0.0,0.0,1440.0,1980.5759,1.3754,0.0,0.0,10.0,10.0,,,,,,,
4020332650,2016-04-20,0,0.0,0.0,0.0,0.0,0.0,0.0,0.0,0,0,0,1440,1980,,,,,,,,,,0.0,0.0,0.0,1992.0,24.0,0.0,0.0,1440.0,1980.5759,1.3754,0.0,0.0,10.0,10.0,,,,,,,
4020332650,2016-04-21,0,0.0,0.0,0.0,0.0,0.0,0.0,0.0,0,0,0,1440,1980,,,,,,,,,,0.0,0.0,0.0,1992.0,24.0,0.0,0.0,1440.0,1980.5759,1.3754,0.0,0.0,10.0,10.0,,,,,,,
4020332650,2016-04-22,0,0.0,0.0,0.0,0.0,0.0,0.0,0.0,0,0,0,1440,1980,,,,,,,,,,0.0,0.0,0.0,1992.0,24.0,0.0,0.0,1440.0,1980.5759,1.3754,0.0,0.0,10.0,10.0,,,,,,,
4020332650,2016-04-23,0,0.0,0.0,0.0,0.0,0.0,0.0,0.0,0,0,0,1440,1980,,,,,,,,,,0.0,0.0,0.0,1992.0,24.0,0.0,0.0,1440.0,1980.5759,1.3754,0.0,0.0,10.0,10.0,,,,,,,
4020332650,2016-04-24,0,0.0,0.0,0.0,0.0,0.0,0.0,0.0,0,0,0,1440,1980,,,,,,,,,,0.0,0.0,0.0,1992.0,24.0,0.0,0.0,1440.0,1980.5759,1.3754,0.0,0.0,10.0,10.0,,,,,,,
4020332650,2016-04-25,0,0.0,0.0,0.0,0.0,0.0,0.0,0.0,0,0,0,1440,1980,,,,,,,,,,0.0,0.0,0.0,1992.0,24.0,0.0,0.0,1440.0,1980.5759,1.3754,0.0,0.0,10.0,10.0,,,,,,,
4020332650,2016-04-26,0,0.0,0.0,0.0,0.0,0.0,0.0,0.0,0,0,0,1440,1980,,,,,,,,,,0.0,0.0,0.0,1992.0,24.0,0.0,0.0,1440.0,1980.5759,1.3754,0.0,0.0,10.0,10.0,,,,,,,
4020332650,2016-04-27,0,0.0,0.0,0.0,0.0,0.0,0.0,0.0,0,0,0,1440,1980,,,,,,,,,,0.0,0.0,0.0,1992.0,24.0,0.0,0.0,1440.0,1980.5759,1.3754,0.0,0.0,10.0,10.0,,,,,,,
4020332650,2016-04-28,0,0.0,0.0,0.0,0.0,0.0,0.0,0.0,0,0,0,1440,1980,,,,,,,,,,0.0,0.0,0.0,1992.0,24.0,0.0,0.0,1440.0,1980.5759,1.3754,0.0,0.0,10.0,10.0,,,,,,,
4020332650,2016-04-29,0,0.0,0.0,0.0,0.0,0.0,0.0,0.0,0,0,0,1440,1980,,,,,,,,,,0.0,0.0,0.0,1992.0,24.0,0.0,0.0,1440.0,1980.5759,1.3754,0.0,0.0,10.0,10.0,,,,,,,
4020332650,2016-04-30,0,0.0,0.0,0.0,0.0,0.0,0.0,0.0,0,0,0,1440,1980,,,,,,,,,,0.0,0.0,0.0,1992.0,24.0,0.0,0.0,1440.0,1980.5759,1.3754,0.0,0.0,10.0,10.0,,,,,,,
4020332650,2016-05-01,0,0.0,0.0,0.0,0.0,0.0,0.0,0.0,0,0,0,1440,1980,,,,,,,,,,0.0,0.0,0.0,1992.0,24.0,0.0,0.0,1440.0,1980.5759,1.3754,0.0,0.0,10.0,10.0,,,,,,,
4020332650,2016-05-02,475,0.34,0.34,0.0,0.0,0.04,0.29,0.0,0,11,31,1350,2207,,,,,,,,,,53.0,0.0368,465.0,2218.0,24.0,465.0,44.0,1440.0,2207.792,7.9773,0.0368,2.0,11.1472,58.0,42.0,1.0,5.0,90.3,66.0,123.0,5566.0
4020332650,2016-05-03,4496,3.22,3.22,0.0,0.0,0.0,3.15,0.05,0,0,174,950,2828,1.0,322.0,332.0,,,,,,,174.0,0.1208,4465.0,2826.0,24.0,4465.0,91.0,1440.0,2825.0716,9.3527,0.1208,1.0,14.2639,68.0,311.0,4.0,1.0,77.88,52.0,127.0,35580.0
4020332650,2016-05-04,10252,7.35,7.35,0.0,0.67,1.04,5.58,0.0,13,46,346,531,3879,1.0,478.0,536.0,,,,,,,477.0,0.3312,10194.0,3872.0,24.0,10194.0,112.0,1440.0,3872.3012,13.4789,0.3312,3.0,19.5514,98.0,447.0,27.0,30.0,83.46,49.0,147.0,37357.0
4020332650,2016-05-05,11728,8.43,8.43,0.0,2.62,1.68,4.04,0.07,38,42,196,916,3429,1.0,226.0,248.0,,,,,,,394.0,0.2736,11713.0,3430.0,24.0,11713.0,170.0,1440.0,3426.8091,11.966,0.2736,3.0,17.3021,87.0,226.0,18.0,4.0,85.57,49.0,126.0,21507.0
4020332650,2016-05-06,4369,3.13,3.13,0.0,0.0,0.0,3.1,0.01,0,0,177,855,2704,1.0,385.0,408.0,,,,,,,177.0,0.1229,4357.0,2705.0,24.0,4357.0,81.0,1440.0,2701.9733,7.4272,0.1229,1.0,13.6424,54.0,385.0,17.0,6.0,75.64,50.0,116.0,25859.0
4020332650,2016-05-07,6132,4.4,4.4,0.0,0.0,0.0,3.58,0.0,0,0,184,1256,2975,,,,,,,,,,184.0,0.1278,5005.0,2846.0,24.0,5005.0,103.0,1440.0,2843.0893,8.8026,0.1278,1.0,14.3549,64.0,,,,89.09,64.0,117.0,16695.0
4020332650,2016-05-08,5862,4.2,4.2,0.0,0.0,0.0,4.15,0.0,0,0,263,775,3089,1.0,364.0,402.0,,,,,,,263.0,0.1826,5812.0,3083.0,24.0,5812.0,74.0,1440.0,3083.0966,8.2524,0.1826,1.0,15.5667,60.0,364.0,20.0,18.0,78.04,51.0,131.0,33998.0
4020332650,2016-05-09,4556,3.27,3.27,0.0,0.2,0.12,2.94,0.0,3,5,173,1225,2785,,,,,,,,,,192.0,0.1333,4556.0,2791.0,24.0,4556.0,104.0,1440.0,2784.9099,9.3527,0.1333,3.0,14.0611,68.0,29.0,1.0,4.0,86.66,55.0,155.0,15180.0
4020332650,2016-05-10,5546,3.98,3.98,0.0,0.0,0.0,3.87,0.04,0,0,206,774,2926,1.0,442.0,494.0,,,,,,,206.0,0.1431,5474.0,2916.0,24.0,5474.0,103.0,1440.0,2915.4353,11.8284,0.1431,1.0,14.7201,86.0,413.0,33.0,14.0,72.62,46.0,142.0,29101.0
4020332650,2016-05-11,3689,2.65,2.65,0.0,0.11,0.17,2.33,0.0,2,8,134,1296,2645,,,,,,,,,,156.0,0.1083,3663.0,2649.0,24.0,3663.0,85.0,1440.0,2639.8052,10.0404,0.1083,3.0,13.3285,73.0,,,,91.23,64.0,133.0,8626.0
4020332650,2016-05-12,590,0.42,0.42,0.0,0.0,0.0,0.41,0.0,0,0,21,721,1120,,,,,,,,,,11.0,0.0153,257.0,1036.0,12.0,257.0,50.0,720.0,1030.3121,6.0518,0.0153,1.0,10.4042,44.0,,,,94.27,70.0,125.0,1042.0
4057192912,2016-04-12,5394,4.03,4.03,0.0,0.0,0.0,3.94,0.0,0,0,164,1276,2286,,,,,,,,,,164.0,0.1139,5394.0,2273.0,24.0,5394.0,114.0,1440.0,2274.0183,9.1286,0.1139,1.0,12.8014,74.0,,,,,,,
4057192912,2016-04-13,5974,4.47,4.47,0.0,0.0,0.0,4.37,0.0,0,0,160,1280,2306,,,,,,,,,,160.0,0.1111,5974.0,2289.0,24.0,5974.0,120.0,1440.0,2290.3018,9.3754,0.1111,1.0,12.8931,76.0,,,,,,,
4057192912,2016-04-14,0,0.0,0.0,0.0,0.0,0.0,0.0,0.0,0,0,0,1440,1776,,,,,,,,,,0.0,0.0,0.0,1776.0,24.0,0.0,0.0,1440.0,1776.384,1.2336,0.0,0.0,10.0,10.0,,,,,,,
4057192912,2016-04-15,3984,2.95,2.95,0.0,0.21,0.26,2.44,0.0,3,6,88,873,1527,,,,,,,,,,107.0,0.1115,3937.0,1511.0,16.0,3937.0,123.0,960.0,1509.9264,9.6221,0.1115,3.0,12.75,78.0,,,,,,,
4319703577,2016-04-12,7753,5.2,5.2,0.0,0.0,0.0,0.0,0.0,0,0,0,1440,2115,,,,,,,,,,0.0,0.0,0.0,1464.0,24.0,0.0,0.0,1440.0,1455.9841,1.0111,0.0,0.0,10.0,10.0,,,,,,,
4319703577,2016-04-13,8204,5.5,5.5,0.0,0.53,0.59,1.31,0.0,8,15,96,1234,2135,,,,,,,,,,150.0,0.1042,3619.0,1756.0,24.0,3619.0,120.0,1440.0,1748.9289,7.6836,0.1042,3.0,12.0132,76.0,79.0,7.0,1.0,,,,
4319703577,2016-04-14,10210,6.88,6.88,0.0,0.11,0.33,6.44,0.0,1,9,339,589,2302,1.0,535.0,557.0,,,,,,,360.0,0.25,10210.0,2299.0,24.0,10210.0,129.0,1440.0,2298.7609,8.393,0.25,3.0,15.7868,83.0,486.0,15.0,1.0,,,,
4319703577,2016-04-15,5664,3.8,3.8,0.0,0.0,0.0,3.8,0.0,0,0,228,752,1985,1.0,465.0,491.0,,,,,,,228.0,0.1583,5664.0,1982.0,24.0,5664.0,120.0,1440.0,1981.3516,7.6844,0.1583,1.0,13.6083,76.0,435.0,23.0,1.0,,,,
4319703577,2016-04-16,4744,3.18,3.18,0.0,0.0,0.0,3.18,0.0,0,0,194,724,1884,1.0,506.0,522.0,,,,,,,194.0,0.1347,4744.0,1886.0,24.0,4744.0,97.0,1440.0,1881.1677,6.4704,0.1347,1.0,12.9215,64.0,506.0,15.0,1.0,,,,
4319703577,2016-04-17,29,0.02,0.02,0.0,0.0,0.0,0.02,0.0,0,0,3,1363,1464,,,,72.4000015258789,159.614681185927,25.0,27.4500007629395,True,1460937599000.0,3.0,0.0021,29.0,1469.0,24.0,29.0,13.0,1440.0,1461.7614,2.8305,0.0021,1.0,10.0417,28.0,56.0,10.0,8.0,,,,
4319703577,2016-04-18,2276,1.55,1.55,0.0,0.07,0.33,1.12,0.0,1,9,58,824,1632,1.0,515.0,551.0,,,,,,,79.0,0.0549,2229.0,1637.0,24.0,2229.0,128.0,1440.0,1632.8057,8.3905,0.0549,3.0,11.2167,83.0,513.0,28.0,7.0,,,,
4319703577,2016-04-19,8925,5.99,5.99,0.0,0.0,0.0,5.99,0.0,0,0,311,604,2200,2.0,461.0,498.0,,,,,,,311.0,0.216,8925.0,2203.0,24.0,8925.0,120.0,1440.0,2200.2239,7.6828,0.216,1.0,15.1146,76.0,493.0,20.0,12.0,,,,
4319703577,2016-04-20,8954,6.01,6.01,0.0,0.0,0.68,5.31,0.0,0,18,306,671,2220,1.0,523.0,543.0,,,,,,,342.0,0.2375,8915.0,2215.0,24.0,8915.0,120.0,1440.0,2214.2754,7.6828,0.2375,2.0,15.2111,76.0,437.0,8.0,0.0,,,,
4319703577,2016-04-21,3702,2.48,2.48,0.0,0.0,0.0,0.35,0.0,0,0,34,1265,1792,1.0,59.0,65.0,,,,,,,34.0,0.0236,517.0,1530.0,24.0,517.0,44.0,1440.0,1525.6503,3.6392,0.0236,1.0,10.4806,36.0,129.0,9.0,3.0,,,,
4319703577,2016-04-22,4500,3.02,3.02,0.0,0.06,0.81,2.15,0.0,1,19,176,709,1886,1.0,533.0,550.0,,,,,,,217.0,0.1507,4500.0,1886.0,24.0,4500.0,95.0,1440.0,1886.946,6.2676,0.1507,3.0,12.9625,62.0,516.0,18.0,1.0,,,,
4319703577,2016-04-23,4935,3.31,3.31,0.0,0.0,0.0,3.31,0.0,0,0,233,546,1945,1.0,692.0,722.0,,,,,,,233.0,0.1618,4935.0,1946.0,24.0,4935.0,98.0,1440.0,1945.4771,6.4698,0.1618,1.0,13.3646,64.0,639.0,19.0,3.0,,,,
4319703577,2016-04-24,4081,2.74,2.74,0.0,0.06,0.2,2.47,0.0,1,5,191,692,1880,1.0,467.0,501.0,,,,,,,204.0,0.1417,4081.0,1883.0,24.0,4081.0,96.0,1440.0,1880.9816,6.4698,0.1417,3.0,12.9215,64.0,516.0,30.0,5.0,,,,
4319703577,2016-04-25,9259,6.21,6.21,0.0,0.0,0.28,5.93,0.0,0,8,390,544,2314,1.0,488.0,506.0,,,,,,,406.0,0.2819,9259.0,2314.0,24.0,9259.0,122.0,1440.0,2314.2534,7.885,0.2819,2.0,15.8979,78.0,478.0,18.0,2.0,,,,
4319703577,2016-04-26,9899,6.64,6.64,0.0,0.57,0.92,5.15,0.0,8,21,288,649,2236,1.0,505.0,516.0,,,,,,,354.0,0.2458,9899.0,2237.0,24.0,9899.0,123.0,1440.0,2236.313,7.885,0.2458,3.0,15.3625,78.0,466.0,8.0,0.0,,,,
4319703577,2016-04-27,10780,7.23,7.23,0.0,0.41,1.92,4.91,0.0,6,47,300,680,2324,1.0,286.0,307.0,,,,,,,412.0,0.2861,10780.0,2327.0,24.0,10780.0,121.0,1440.0,2324.4635,7.885,0.2861,3.0,15.9681,78.0,382.0,24.0,1.0,,,,
4319703577,2016-04-28,10817,7.28,7.28,0.0,1.01,0.33,5.94,0.0,13,8,359,552,2367,1.0,497.0,522.0,,,,,,,414.0,0.2875,10810.0,2371.0,24.0,10810.0,131.0,1440.0,2367.5278,8.8959,0.2875,3.0,16.2639,88.0,483.0,18.0,7.0,,,,
4319703577,2016-04-29,7990,5.36,5.36,0.0,0.45,0.79,4.12,0.0,6,18,289,624,2175,1.0,523.0,546.0,,,,,,,343.0,0.2382,7990.0,2177.0,24.0,7990.0,121.0,1440.0,2175.9623,7.885,0.2382,3.0,14.9479,78.0,477.0,18.0,7.0,,,,
4319703577,2016-04-30,8221,5.52,5.52,0.0,0.4,1.61,3.51,0.0,6,38,196,695,2092,1.0,490.0,516.0,,,,,,,290.0,0.2014,8221.0,2094.0,24.0,8221.0,117.0,1440.0,2092.3608,7.6828,0.2014,3.0,14.3736,76.0,477.0,24.0,4.0,,,,
4319703577,2016-05-01,1251,0.84,0.84,0.0,0.0,0.0,0.84,0.0,0,0,67,836,1593,1.0,484.0,500.0,,,,,,,67.0,0.0465,1251.0,1598.0,24.0,1251.0,68.0,1440.0,1593.8861,4.448,0.0465,1.0,10.9493,44.0,526.0,10.0,1.0,,,,
4319703577,2016-05-02,9261,6.24,6.24,0.0,0.0,0.44,5.71,0.0,0,11,344,585,2270,1.0,478.0,506.0,,,,,,,366.0,0.2542,9121.0,2267.0,24.0,9121.0,128.0,1440.0,2264.6182,8.3905,0.2542,2.0,15.5569,83.0,467.0,31.0,2.0,,,,
4319703577,2016-05-03,9648,6.47,6.47,0.0,0.58,1.07,4.83,0.0,8,26,287,669,2235,1.0,474.0,512.0,,,,,,,363.0,0.2521,9648.0,2237.0,24.0,9648.0,122.0,1440.0,2235.6054,7.885,0.2521,3.0,15.3576,78.0,420.0,29.0,1.0,,,,
4319703577,2016-05-04,10429,7.02,7.02,0.0,0.59,0.58,5.85,0.0,8,13,313,1106,2282,,,,72.3000030517578,159.394222287729,,27.3799991607666,True,1462406399000.0,363.0,0.2521,10429.0,2286.0,24.0,10429.0,131.0,1440.0,2282.8144,8.3905,0.2521,3.0,15.6819,83.0,,,,,,,
4319703577,2016-05-05,13658,9.49,9.49,0.0,2.63,1.41,5.45,0.0,27,34,328,957,2530,,,,,,,,,,477.0,0.3313,13658.0,2533.0,24.0,13658.0,177.0,1440.0,2530.0805,12.8384,0.3312,3.0,17.3806,127.0,81.0,9.0,4.0,,,,
4319703577,2016-05-06,9524,6.42,6.42,0.0,0.41,0.47,5.46,0.0,6,11,314,692,2266,1.0,450.0,491.0,,,,,,,354.0,0.2458,9426.0,2264.0,24.0,9426.0,129.0,1440.0,2264.3149,8.3905,0.2458,3.0,15.5549,83.0,385.0,27.0,5.0,,,,
4319703577,2016-05-07,7937,5.33,5.33,0.0,0.19,1.05,4.08,0.0,3,28,279,586,2158,1.0,507.0,530.0,,,,,,,344.0,0.2389,7937.0,2160.0,24.0,7937.0,102.0,1440.0,2158.4356,6.664,0.2389,3.0,14.8451,66.0,515.0,27.0,2.0,,,,
4319703577,2016-05-08,3672,2.46,2.46,0.0,0.0,0.0,2.46,0.0,0,0,153,603,1792,1.0,602.0,638.0,,,,,,,153.0,0.1062,3672.0,1795.0,24.0,3672.0,85.0,1440.0,1791.5106,5.6543,0.1062,1.0,12.3215,56.0,652.0,30.0,1.0,,,,
4319703577,2016-05-09,10378,6.96,6.96,0.0,0.14,0.56,6.25,0.0,2,14,374,490,2345,1.0,535.0,565.0,,,,,,,408.0,0.2833,10362.0,2347.0,24.0,10362.0,115.0,1440.0,2345.4321,7.4718,0.2833,3.0,16.1312,74.0,526.0,29.0,4.0,,,,
4319703577,2016-05-10,9487,6.37,6.37,0.0,0.21,0.46,5.7,0.0,3,12,329,555,2260,1.0,487.0,517.0,,,,,,,362.0,0.2514,9487.0,2261.0,24.0,9487.0,122.0,1440.0,2260.7182,7.8757,0.2514,3.0,15.5486,78.0,513.0,28.0,0.0,,,,
4319703577,2016-05-11,9129,6.13,6.13,0.0,0.2,0.74,5.18,0.0,3,18,311,574,2232,1.0,529.0,558.0,,,,,,,356.0,0.2472,9129.0,2233.0,24.0,9129.0,113.0,1440.0,2232.0428,7.2698,0.2472,3.0,15.3514,72.0,510.0,24.0,0.0,,,,
4319703577,2016-05-12,17,0.01,0.01,0.0,0.0,0.0,0.01,0.0,0,0,2,0,257,1.0,302.0,321.0,,,,,,,2.0,0.0083,17.0,247.0,4.0,17.0,10.0,240.0,246.8716,2.6252,0.0083,1.0,10.1875,26.0,230.0,17.0,1.0,,,,
4388161847,2016-04-12,10122,7.78,7.78,0.0,0.0,0.0,0.0,0.0,0,0,0,1440,2955,,,,,,,,,,0.0,0.0,0.0,1872.0,24.0,0.0,0.0,1440.0,1878.1919,1.3043,0.0,0.0,10.0,10.0,,,,,,,
4388161847,2016-04-13,10993,8.45,8.45,0.0,0.06,0.63,3.88,0.0,1,14,150,1275,3092,,,,,,,,,,181.0,0.1257,5938.0,2507.0,24.0,5938.0,118.0,1440.0,2510.2557,9.1301,0.1257,3.0,13.3653,70.0,,,,67.04,45.0,130.0,8208.0
4388161847,2016-04-14,8863,6.82,6.82,0.0,0.13,1.07,5.62,0.0,10,35,219,945,2998,,,,,,,,,,319.0,0.2215,8863.0,2996.0,24.0,8863.0,116.0,1440.0,2998.064,11.217,0.2215,3.0,15.9625,86.0,208.0,14.0,9.0,68.44,48.0,132.0,7392.0
4388161847,2016-04-15,8758,6.73,6.73,0.0,0.0,0.0,6.73,0.0,0,0,299,837,3066,1.0,499.0,526.0,,,,,,,299.0,0.2076,8758.0,3065.0,24.0,8758.0,114.0,1440.0,3066.8006,9.9127,0.2076,1.0,16.3285,76.0,298.0,4.0,2.0,67.47,44.0,127.0,9205.0
4388161847,2016-04-16,6580,5.06,5.06,0.0,0.21,0.4,4.45,0.0,6,9,253,609,3073,2.0,426.0,448.0,,,,,,,289.0,0.2007,6580.0,3075.0,24.0,6580.0,83.0,1440.0,3073.4525,11.9996,0.2007,3.0,16.3639,92.0,540.0,20.0,3.0,75.48,56.0,142.0,8970.0
4388161847,2016-04-17,4660,3.58,3.58,0.0,0.0,0.0,3.58,0.0,0,0,201,721,2572,2.0,619.0,641.0,,,,,,,201.0,0.1396,4660.0,2573.0,24.0,4660.0,77.0,1440.0,2572.6013,7.5649,0.1396,1.0,13.6972,58.0,498.0,18.0,1.0,66.39,49.0,113.0,8550.0
4388161847,2016-04-18,11009,9.1,9.1,0.0,3.56,0.4,5.14,0.0,27,8,239,1017,3274,1.0,99.0,104.0,,,,,,,336.0,0.2333,11009.0,3273.0,24.0,11009.0,166.0,1440.0,3274.0538,17.8689,0.2333,3.0,17.4319,137.0,138.0,7.0,4.0,81.49,50.0,176.0,8051.0
4388161847,2016-04-19,10181,7.83,7.83,0.0,1.37,0.69,5.77,0.0,20,16,249,704,3015,1.0,329.0,338.0,,,,,,,341.0,0.2368,10181.0,3016.0,24.0,10181.0,133.0,1440.0,3015.0199,11.217,0.2368,3.0,16.0528,86.0,433.0,14.0,4.0,65.53,46.0,136.0,9274.0
4388161847,2016-04-20,10553,8.12,8.12,0.0,1.1,1.72,5.29,0.0,19,42,228,696,3083,1.0,421.0,451.0,,,,,,,369.0,0.2562,10553.0,3085.0,24.0,10553.0,119.0,1440.0,3083.1043,13.3039,0.2562,3.0,16.4153,102.0,430.0,25.0,0.0,65.4,46.0,149.0,9216.0
4388161847,2016-04-21,10055,7.73,7.73,0.0,0.37,0.39,6.98,0.0,7,12,272,853,3069,1.0,442.0,458.0,,,,,,,317.0,0.2201,10055.0,3070.0,24.0,10055.0,114.0,1440.0,3069.5396,14.7386,0.2201,3.0,16.3431,113.0,290.0,6.0,0.0,63.1,42.0,146.0,7907.0
4388161847,2016-04-22,12139,9.34,9.34,0.0,3.3,1.11,4.92,0.0,77,25,220,945,3544,1.0,82.0,85.0,,,,,,,501.0,0.3479,12139.0,3542.0,24.0,12139.0,131.0,1440.0,3543.9135,13.5647,0.3479,3.0,18.8688,104.0,164.0,6.0,3.0,73.28,49.0,149.0,7298.0
4388161847,2016-04-23,13236,10.18,10.18,0.0,4.5,0.32,5.35,0.0,58,5,215,749,3306,1.0,478.0,501.0,,,,,,,399.0,0.2771,13236.0,3311.0,24.0,13236.0,116.0,1440.0,3306.9222,15.6516,0.2771,3.0,17.6069,120.0,396.0,16.0,1.0,67.08,44.0,158.0,9326.0
4388161847,2016-04-24,10243,7.88,7.88,0.0,1.08,0.51,6.3,0.0,14,8,239,584,2885,3.0,552.0,595.0,,,,,,,297.0,0.2062,10243.0,2882.0,24.0,10243.0,110.0,1440.0,2885.1116,11.9996,0.2062,3.0,15.3611,92.0,552.0,36.0,7.0,62.1,44.0,139.0,8663.0
4388161847,2016-04-25,12961,9.97,9.97,0.0,0.73,1.4,7.84,0.0,11,31,301,1054,3288,,,,,,,,,,396.0,0.275,12961.0,3287.0,24.0,12961.0,114.0,1440.0,3288.9229,11.9996,0.275,3.0,17.5111,92.0,33.0,10.0,0.0,67.51,45.0,150.0,7759.0
4388161847,2016-04-26,9461,7.28,7.28,0.0,0.94,1.06,5.27,0.0,14,23,224,673,2929,1.0,319.0,346.0,,,,,,,312.0,0.2167,9461.0,2930.0,24.0,9461.0,131.0,1440.0,2929.1969,11.217,0.2167,3.0,15.5958,86.0,464.0,42.0,0.0,62.51,42.0,128.0,9229.0
4388161847,2016-04-27,11193,8.61,8.61,0.0,0.7,2.51,5.39,0.0,11,48,241,684,3074,1.0,439.0,500.0,,,,,,,370.0,0.2569,11193.0,3073.0,24.0,11193.0,121.0,1440.0,3074.6264,11.7387,0.2569,3.0,16.3701,90.0,423.0,26.0,6.0,62.12,42.0,153.0,9351.0
4388161847,2016-04-28,10074,7.75,7.75,0.0,1.29,0.43,6.03,0.0,19,9,234,878,2969,1.0,428.0,458.0,,,,,,,309.0,0.2146,10074.0,2968.0,24.0,10074.0,120.0,1440.0,2969.1085,10.4344,0.2146,3.0,15.8083,80.0,288.0,12.0,0.0,62.33,41.0,131.0,7786.0
4388161847,2016-04-29,9232,7.1,7.1,0.0,0.8,0.89,5.42,0.0,13,16,236,1175,2979,,,,,,,,,,307.0,0.2132,9232.0,2978.0,24.0,9232.0,123.0,1440.0,2979.1516,11.4778,0.2132,3.0,15.8618,88.0,,,,66.11,44.0,133.0,7489.0
4388161847,2016-04-30,12533,9.64,9.64,0.0,0.7,2.0,6.94,0.0,14,43,300,537,3283,2.0,409.0,430.0,,,,,,,428.0,0.2972,12533.0,3284.0,24.0,12533.0,108.0,1440.0,3283.1839,9.6518,0.2972,3.0,17.4806,74.0,507.0,39.0,0.0,64.23,45.0,113.0,9302.0
4388161847,2016-05-01,10255,7.89,7.89,0.0,1.01,0.68,6.2,0.0,12,15,241,579,2926,1.0,547.0,597.0,,,,,,,307.0,0.2132,10255.0,2926.0,24.0,10255.0,115.0,1440.0,2926.8492,9.1301,0.2132,3.0,15.5833,70.0,556.0,24.0,13.0,60.02,39.0,105.0,8837.0
4388161847,2016-05-02,10096,8.4,8.4,0.0,3.77,0.08,4.55,0.0,33,4,204,935,3147,2.0,368.0,376.0,,,,,,,311.0,0.216,10096.0,3146.0,24.0,10096.0,168.0,1440.0,3147.2759,18.3906,0.216,3.0,16.7569,141.0,262.0,2.0,0.0,66.39,43.0,180.0,8216.0
4388161847,2016-05-03,12727,9.79,9.79,0.0,1.13,0.78,7.88,0.0,18,18,306,984,3290,,,,,,,,,,396.0,0.275,12727.0,3289.0,24.0,12727.0,122.0,1440.0,3290.0967,11.9996,0.275,3.0,17.5174,92.0,111.0,3.0,0.0,66.62,44.0,135.0,7740.0
4388161847,2016-05-04,12375,9.52,9.52,0.0,2.79,0.93,5.8,0.0,35,21,251,632,3162,1.0,390.0,414.0,,,,,,,398.0,0.2764,12375.0,3162.0,24.0,12375.0,121.0,1440.0,3162.1449,11.7387,0.2764,3.0,16.8361,90.0,467.0,27.0,7.0,61.95,42.0,126.0,9172.0
4388161847,2016-05-05,9603,7.38,7.38,0.0,0.63,1.67,5.09,0.0,12,39,199,896,2899,1.0,471.0,495.0,,,,,,,313.0,0.2174,9603.0,2899.0,24.0,9603.0,118.0,1440.0,2899.5893,10.4344,0.2174,3.0,15.4382,80.0,283.0,9.0,2.0,61.04,42.0,123.0,7797.0
4388161847,2016-05-06,13175,10.13,10.13,0.0,2.11,2.09,5.93,0.0,33,45,262,1100,3425,,,,,,,,,,451.0,0.3132,13175.0,3423.0,24.0,13175.0,124.0,1440.0,3425.0918,14.6082,0.3132,3.0,18.2361,112.0,,,,69.08,47.0,151.0,8188.0
4388161847,2016-05-07,22770,17.54,17.54,0.0,9.45,2.77,5.33,0.0,120,56,260,508,4022,1.0,472.0,496.0,,,,,,,732.0,0.5083,22770.0,4022.0,24.0,22770.0,153.0,1440.0,4022.4612,13.3039,0.5083,3.0,21.4167,102.0,472.0,24.0,0.0,66.63,41.0,153.0,9609.0
4388161847,2016-05-08,17298,14.38,14.38,0.0,9.89,1.26,3.23,0.0,107,38,178,576,3934,2.0,529.0,541.0,,,,,,,575.0,0.3993,17298.0,3935.0,24.0,17298.0,166.0,1440.0,3934.8122,17.8689,0.3993,3.0,20.95,137.0,529.0,10.0,2.0,76.78,43.0,171.0,9241.0
4388161847,2016-05-09,10218,7.86,7.86,0.0,0.34,0.73,6.79,0.0,6,19,258,1020,3013,1.0,62.0,65.0,,,,,,,314.0,0.2181,10218.0,3012.0,24.0,10218.0,121.0,1440.0,3013.4547,12.7821,0.2181,3.0,16.0444,98.0,127.0,8.0,2.0,64.05,44.0,140.0,7425.0
4388161847,2016-05-10,10299,7.92,7.92,0.0,0.81,0.65,6.46,0.0,13,14,267,648,3061,1.0,354.0,375.0,,,,,,,334.0,0.2319,10299.0,3059.0,24.0,10299.0,124.0,1440.0,3061.0617,10.6953,0.2319,3.0,16.2979,82.0,477.0,18.0,3.0,61.22,41.0,121.0,9285.0
4388161847,2016-05-11,10201,7.84,7.84,0.0,0.53,0.79,6.53,0.0,8,18,256,858,2954,1.0,469.0,494.0,,,,,,,316.0,0.2194,10201.0,2954.0,24.0,10201.0,127.0,1440.0,2954.3699,9.6518,0.2194,3.0,15.7299,74.0,292.0,7.0,0.0,59.97,40.0,125.0,8026.0
4388161847,2016-05-12,3369,2.59,2.59,0.0,0.0,0.0,2.59,0.0,0,0,108,825,1623,,,,,,,,,,101.0,0.1122,3079.0,1553.0,15.0,3079.0,118.0,900.0,1553.8126,8.8692,0.1122,1.0,13.2367,68.0,,,,60.25,44.0,136.0,3236.0
4445114986,2016-04-12,3276,2.2,2.2,0.0,0.0,0.0,2.2,0.0,0,0,196,787,2113,2.0,429.0,457.0,,,,,,,196.0,0.1361,3276.0,2115.0,24.0,3276.0,87.0,1440.0,2113.9765,6.6665,0.1361,1.0,12.7722,58.0,429.0,22.0,6.0,,,,
4445114986,2016-04-13,2961,1.99,1.99,0.0,0.0,0.0,1.99,0.0,0,0,194,840,2095,2.0,370.0,406.0,,,,,,,194.0,0.1347,2961.0,2096.0,24.0,2961.0,62.0,1440.0,2095.3562,4.8275,0.1347,1.0,12.6597,42.0,370.0,29.0,7.0,,,,
4445114986,2016-04-14,3974,2.67,2.67,0.0,0.0,0.0,2.67,0.0,0,0,231,717,2194,1.0,441.0,492.0,,,,,,,231.0,0.1604,3974.0,2191.0,24.0,3974.0,72.0,1440.0,2194.3196,5.747,0.1604,1.0,13.2576,50.0,441.0,48.0,3.0,,,,
4445114986,2016-04-15,7198,4.83,4.83,0.0,0.0,0.0,4.83,0.0,0,0,350,711,2496,2.0,337.0,379.0,,,,,,,350.0,0.2431,7198.0,2494.0,24.0,7198.0,102.0,1440.0,2496.3819,7.586,0.2431,1.0,15.0826,66.0,337.0,31.0,11.0,,,,
4445114986,2016-04-16,3945,2.65,2.65,0.0,0.0,0.0,2.65,0.0,0,0,225,716,2180,1.0,462.0,499.0,,,,,,,225.0,0.1563,3945.0,2183.0,24.0,3945.0,85.0,1440.0,2180.7566,6.4366,0.1562,1.0,13.1757,56.0,462.0,29.0,8.0,,,,
4445114986,2016-04-17,2268,1.52,1.52,0.0,0.0,0.0,1.52,0.0,0,0,114,1219,1933,1.0,98.0,107.0,,,,,,,114.0,0.0792,2258.0,1930.0,24.0,2258.0,84.0,1440.0,1931.9115,6.4366,0.0792,1.0,11.6722,56.0,98.0,6.0,3.0,,,,
4445114986,2016-04-18,6155,4.24,4.24,0.0,2.0,0.29,1.95,0.0,25,6,162,1247,2248,,,,,,,,,,249.0,0.1729,6155.0,2250.0,24.0,6155.0,148.0,1440.0,2248.3413,11.2641,0.1729,3.0,13.584,98.0,,,,,,,
4445114986,2016-04-19,2064,1.39,1.39,0.0,0.0,0.0,1.39,0.0,0,0,121,895,1954,2.0,388.0,424.0,,,,,,,121.0,0.084,2064.0,1954.0,24.0,2064.0,71.0,1440.0,1954.3248,5.747,0.084,1.0,11.8076,50.0,388.0,29.0,7.0,,,,
4445114986,2016-04-20,2072,1.39,1.39,0.0,0.0,0.0,1.39,0.0,0,0,137,841,1974,1.0,439.0,462.0,,,,,,,137.0,0.0951,2072.0,1973.0,24.0,2072.0,65.0,1440.0,1974.4393,5.0574,0.0951,1.0,11.9292,44.0,439.0,20.0,3.0,,,,
4445114986,2016-04-21,3809,2.56,2.56,0.0,0.0,0.0,2.54,0.0,0,0,215,756,2150,1.0,436.0,469.0,,,,,,,215.0,0.1493,3789.0,2145.0,24.0,3789.0,79.0,1440.0,2146.9643,6.2068,0.1493,1.0,12.9715,54.0,436.0,28.0,5.0,,,,
4445114986,2016-04-22,6831,4.58,4.58,0.0,0.0,0.0,4.58,0.0,0,0,317,706,2432,1.0,388.0,417.0,,,,,,,317.0,0.2201,6831.0,2432.0,24.0,6831.0,99.0,1440.0,2432.0155,7.3562,0.2201,1.0,14.6938,64.0,388.0,21.0,8.0,,,,
4445114986,2016-04-23,4363,2.93,2.93,0.0,0.0,0.0,2.93,0.0,0,0,201,1239,2149,,,,,,,,,,201.0,0.1396,4363.0,2151.0,24.0,4363.0,107.0,1440.0,2149.0938,8.022,0.1396,1.0,13.0229,70.0,,,,,,,
4445114986,2016-04-24,5002,3.36,3.36,0.0,0.0,0.0,3.36,0.0,0,0,244,1196,2247,,,,,,,,,,244.0,0.1694,5002.0,2249.0,24.0,5002.0,76.0,1440.0,2247.0768,5.9592,0.1694,1.0,13.6167,52.0,,,,,,,
4445114986,2016-04-25,3385,2.27,2.27,0.0,0.0,0.0,2.27,0.0,0,0,179,916,2070,1.0,328.0,345.0,,,,,,,179.0,0.1243,3385.0,2074.0,24.0,3385.0,79.0,1440.0,2070.9366,6.1884,0.1243,1.0,12.5493,54.0,329.0,9.0,7.0,,,,
4445114986,2016-04-26,6326,4.41,4.41,0.0,2.41,0.04,1.96,0.0,29,1,180,839,2291,2.0,353.0,391.0,,,,,,,269.0,0.1868,6326.0,2293.0,24.0,6326.0,147.0,1440.0,2291.427,11.0016,0.1868,3.0,13.8854,96.0,353.0,32.0,6.0,,,,
4445114986,2016-04-27,7243,5.03,5.03,0.0,2.62,0.03,2.38,0.0,32,1,194,839,2361,1.0,332.0,374.0,,,,,,,292.0,0.2028,7243.0,2361.0,24.0,7243.0,153.0,1440.0,2361.906,11.1162,0.2028,3.0,14.3125,97.0,332.0,37.0,5.0,,,,
4445114986,2016-04-28,4493,3.01,3.01,0.0,0.0,0.0,3.01,0.0,0,0,236,762,2203,1.0,419.0,442.0,,,,,,,236.0,0.1639,4493.0,2204.0,24.0,4493.0,78.0,1440.0,2203.8726,6.1884,0.1639,1.0,13.3549,54.0,419.0,17.0,6.0,,,,
4445114986,2016-04-29,4676,3.14,3.14,0.0,0.0,0.0,3.13,0.0,0,0,226,1106,2196,1.0,106.0,108.0,,,,,,,226.0,0.1569,4658.0,2195.0,24.0,4658.0,71.0,1440.0,2194.2462,5.73,0.1569,1.0,13.2965,50.0,106.0,2.0,0.0,,,,
4445114986,2016-04-30,6222,4.18,4.18,0.0,0.0,0.0,4.18,0.0,0,0,290,797,2363,1.0,322.0,353.0,,,,,,,290.0,0.2014,6222.0,2362.0,24.0,6222.0,86.0,1440.0,2363.7396,6.6468,0.2014,1.0,14.3236,58.0,322.0,25.0,6.0,,,,
4445114986,2016-05-01,5232,3.51,3.51,0.0,0.0,0.0,3.51,0.0,0,0,240,741,2246,2.0,439.0,459.0,,,,,,,240.0,0.1667,5232.0,2250.0,24.0,5232.0,94.0,1440.0,2246.6184,7.1052,0.1667,1.0,13.6139,62.0,439.0,15.0,5.0,,,,
4445114986,2016-05-02,6910,4.75,4.75,0.0,2.21,0.19,2.35,0.0,27,4,200,667,2336,1.0,502.0,542.0,,,,,,,289.0,0.2007,6910.0,2335.0,24.0,6910.0,150.0,1440.0,2336.121,10.887,0.2007,3.0,14.1562,95.0,503.0,34.0,5.0,,,,
4445114986,2016-05-03,7502,5.18,5.18,0.0,2.48,0.11,2.58,0.0,30,2,233,725,2421,2.0,417.0,450.0,,,,,,,327.0,0.2271,7502.0,2420.0,24.0,7502.0,151.0,1440.0,2421.0396,10.887,0.2271,3.0,14.6708,95.0,417.0,31.0,2.0,,,,
4445114986,2016-05-04,2923,1.96,1.96,0.0,0.0,0.0,1.96,0.0,0,0,180,897,2070,2.0,337.0,363.0,,,,,,,180.0,0.125,2923.0,2071.0,24.0,2923.0,80.0,1440.0,2070.7074,6.1884,0.125,1.0,12.5479,54.0,337.0,18.0,8.0,,,,
4445114986,2016-05-05,3800,2.55,2.55,0.0,0.12,0.24,2.18,0.0,2,6,185,734,2120,2.0,462.0,513.0,,,,,,,203.0,0.141,3800.0,2122.0,24.0,3800.0,93.0,1440.0,2120.9022,7.1052,0.141,3.0,12.8521,62.0,462.0,42.0,9.0,,,,
4445114986,2016-05-06,4514,3.03,3.03,0.0,0.0,0.0,3.03,0.0,0,0,229,809,2211,2.0,374.0,402.0,,,,,,,229.0,0.159,4514.0,2211.0,24.0,4514.0,113.0,1440.0,2211.3216,8.2512,0.159,1.0,13.4,72.0,374.0,23.0,5.0,,,,
4445114986,2016-05-07,5183,3.59,3.59,0.0,2.13,0.19,1.25,0.0,26,4,108,866,2123,2.0,401.0,436.0,,,,,,,194.0,0.1347,5167.0,2123.0,24.0,5167.0,147.0,1440.0,2123.8818,10.6578,0.1347,3.0,12.8701,93.0,401.0,24.0,11.0,,,,
4445114986,2016-05-08,7303,4.9,4.9,0.0,0.0,0.25,4.65,0.0,0,8,308,733,2423,1.0,361.0,391.0,,,,,,,324.0,0.225,7303.0,2423.0,24.0,7303.0,76.0,1440.0,2423.4462,5.9592,0.225,2.0,14.6854,52.0,361.0,26.0,4.0,,,,
4445114986,2016-05-09,5275,3.54,3.54,0.0,0.0,0.0,3.54,0.0,0,0,266,641,2281,1.0,457.0,533.0,,,,,,,266.0,0.1847,5275.0,2279.0,24.0,5275.0,92.0,1440.0,2281.5714,6.876,0.1847,1.0,13.8257,60.0,457.0,60.0,16.0,,,,
4445114986,2016-05-10,3915,2.63,2.63,0.0,0.0,0.0,2.63,0.0,0,0,231,783,2181,1.0,405.0,426.0,,,,,,,231.0,0.1604,3915.0,2181.0,24.0,3915.0,93.0,1440.0,2181.6402,7.1052,0.1604,1.0,13.2201,62.0,405.0,14.0,7.0,,,,
4445114986,2016-05-11,9105,6.11,6.11,0.0,2.25,1.0,2.86,0.0,34,22,232,622,2499,1.0,499.0,530.0,,,,,,,378.0,0.2625,9105.0,2502.0,24.0,9105.0,105.0,1440.0,2499.7698,7.7928,0.2625,3.0,15.1479,68.0,501.0,25.0,4.0,,,,
4445114986,2016-05-12,768,0.52,0.52,0.0,0.0,0.0,0.52,0.0,0,0,58,380,1212,1.0,483.0,501.0,,,,,,,51.0,0.0567,687.0,1152.0,15.0,484.0,35.0,780.0,975.5898,3.8964,0.0449,1.0,10.9141,34.0,483.0,13.0,5.0,,,,
4558609924,2016-04-12,5135,3.39,3.39,0.0,0.0,0.0,3.39,0.0,0,0,318,1122,1909,,,,,,,,,,318.0,0.2208,5135.0,1912.0,24.0,5135.0,58.0,1440.0,1909.6586,3.7124,0.2208,1.0,14.2889,40.0,,,,76.64,57.0,104.0,5973.0
4558609924,2016-04-13,4978,3.29,3.29,0.0,1.24,0.44,1.61,0.0,19,7,127,1287,1722,,,,,,,,,,198.0,0.1375,4978.0,1728.0,24.0,4978.0,106.0,1440.0,1722.5536,7.9817,0.1375,3.0,12.8889,86.0,,,,85.1,64.0,144.0,2643.0
4558609924,2016-04-14,6799,4.49,4.49,0.0,0.0,0.0,4.49,0.0,0,0,279,1161,1922,,,,,,,,,,279.0,0.1937,6799.0,1925.0,24.0,6799.0,97.0,1440.0,1922.9304,5.1974,0.1938,1.0,14.3882,56.0,,,,81.56,56.0,108.0,5331.0
4558609924,2016-04-15,7795,5.15,5.15,0.0,0.59,0.84,3.73,0.0,17,30,262,1131,2121,,,,,,,,,,373.0,0.259,7795.0,2124.0,24.0,7795.0,102.0,1440.0,2121.915,7.2392,0.259,3.0,15.8771,78.0,,,,90.86,58.0,146.0,8102.0
4558609924,2016-04-16,7289,4.82,4.82,0.0,0.55,0.75,3.5,0.0,8,12,308,1112,1997,,,,,,,,,,356.0,0.2472,7265.0,1993.0,24.0,7265.0,109.0,1440.0,1990.8673,7.0536,0.2472,3.0,14.8965,76.0,,,,76.3,55.0,135.0,6881.0
4558609924,2016-04-17,9634,6.4,6.4,0.0,0.55,1.14,4.71,0.0,7,19,304,1110,2117,,,,,,,,,,363.0,0.2521,9634.0,2119.0,24.0,9634.0,154.0,1440.0,2117.6195,7.1595,0.2521,3.0,15.816,77.0,,,,83.2,57.0,136.0,6141.0
4558609924,2016-04-18,8940,5.91,5.91,0.0,0.98,0.93,4.0,0.0,14,15,331,1080,2116,,,,69.6999969482422,153.662190014971,,27.25,True,1461023999000.0,403.0,0.2799,8940.0,2119.0,24.0,8940.0,109.0,1440.0,2116.308,6.789,0.2799,3.0,15.8028,73.0,,,,80.46,55.0,141.0,6219.0
4558609924,2016-04-19,5401,3.57,3.57,0.0,0.05,0.36,3.16,0.0,1,9,248,1182,1876,,,,,,,,,,269.0,0.1868,5401.0,1878.0,24.0,5401.0,85.0,1440.0,1875.81,5.952,0.1868,3.0,14.0069,64.0,,,,83.1,61.0,132.0,4438.0
4558609924,2016-04-20,4803,3.17,3.17,0.0,0.0,0.0,3.17,0.0,0,0,222,1218,1788,,,,,,,,,,222.0,0.1542,4803.0,1788.0,24.0,4803.0,101.0,1440.0,1788.762,5.394,0.1542,1.0,13.3569,58.0,,,,76.92,57.0,110.0,5135.0
4558609924,2016-04-21,13743,9.08,9.08,0.0,0.42,0.97,7.7,0.0,6,21,432,844,2486,1.0,126.0,137.0,,,,,,,492.0,0.3417,13743.0,2488.0,24.0,13743.0,113.0,1440.0,2486.634,5.952,0.3417,3.0,18.5681,64.0,126.0,6.0,5.0,85.66,54.0,121.0,7867.0
4558609924,2016-04-22,9601,6.35,6.35,0.0,1.37,1.5,3.47,0.0,20,25,273,1122,2094,,,,,,,,,,383.0,0.266,9601.0,2096.0,24.0,9601.0,106.0,1440.0,2094.732,5.766,0.266,3.0,15.6417,62.0,,,,82.56,57.0,140.0,6277.0
4558609924,2016-04-23,6890,4.55,4.55,0.0,0.34,0.2,4.01,0.0,5,5,308,1122,2085,,,,,,,,,,333.0,0.2312,6890.0,2082.0,24.0,6890.0,114.0,1440.0,2078.736,6.51,0.2312,3.0,15.5222,70.0,,,,85.85,60.0,133.0,6342.0
4558609924,2016-04-24,8563,5.66,5.66,0.0,0.0,0.0,5.65,0.0,0,0,395,1045,2173,,,,,,,,,,395.0,0.2743,8553.0,2167.0,24.0,8553.0,93.0,1440.0,2169.3167,5.0393,0.2743,1.0,16.1431,54.0,,,,83.97,58.0,121.0,6533.0
4558609924,2016-04-25,8095,5.35,5.35,0.0,0.59,0.25,4.51,0.0,18,10,340,993,2225,,,,70.3000030517578,154.984977044029,,27.4599990844727,True,1461628799000.0,414.0,0.2875,8095.0,2227.0,24.0,8095.0,89.0,1440.0,2225.8475,9.8972,0.2875,3.0,16.5549,106.0,68.0,10.0,1.0,82.49,55.0,163.0,6750.0
4558609924,2016-04-26,9148,6.05,6.05,0.0,0.43,2.03,3.59,0.0,12,41,283,1062,2223,1.0,103.0,121.0,,,,,,,401.0,0.2785,9148.0,2220.0,24.0,9148.0,106.0,1440.0,2222.0193,7.0961,0.2785,3.0,16.5264,76.0,35.0,5.0,2.0,91.34,59.0,148.0,7409.0
4558609924,2016-04-27,9557,6.32,6.32,0.0,1.96,0.89,3.46,0.0,27,14,312,1087,2098,,,,,,,,,,421.0,0.2924,9557.0,2098.0,24.0,9557.0,207.0,1440.0,2098.4908,5.9757,0.2924,3.0,15.6076,64.0,,,,84.56,60.0,122.0,6494.0
4558609924,2016-04-28,9451,6.25,6.25,0.0,0.02,0.27,5.95,0.0,1,11,367,985,2185,,,,,,,,,,392.0,0.2722,9451.0,2187.0,24.0,9451.0,100.0,1440.0,2185.0448,6.3492,0.2722,3.0,16.2514,68.0,69.0,6.0,1.0,85.64,59.0,133.0,7678.0
4558609924,2016-04-29,7833,5.18,5.18,0.0,1.02,1.85,2.31,0.0,15,29,197,1096,1918,1.0,171.0,179.0,,,,,,,300.0,0.2083,7833.0,1921.0,24.0,7833.0,107.0,1440.0,1922.5817,6.9094,0.2083,3.0,14.2993,74.0,102.0,1.0,0.0,80.56,53.0,139.0,6943.0
4558609924,2016-04-30,10319,6.82,6.82,0.0,0.47,1.89,4.46,0.0,7,29,293,1111,2105,,,,,,,,,,372.0,0.2583,10310.0,2106.0,24.0,10310.0,105.0,1440.0,2104.2981,6.3349,0.2583,3.0,15.6861,68.0,,,,79.19,53.0,134.0,8817.0
4558609924,2016-05-01,3428,2.27,2.27,0.0,0.0,0.0,2.27,0.0,0,0,190,1121,1692,1.0,115.0,129.0,69.9000015258789,154.103124631302,,27.3199996948242,True,1462147199000.0,190.0,0.1319,3428.0,1692.0,24.0,3428.0,99.0,1440.0,1691.4317,5.2147,0.1319,1.0,12.6139,56.0,115.0,10.0,4.0,70.84,53.0,127.0,5231.0
4558609924,2016-05-02,7891,5.22,5.22,0.0,0.0,0.0,5.22,0.0,0,0,383,1057,2066,,,,69.1999969482422,152.559878704046,,27.0400009155273,True,1462233599000.0,383.0,0.266,7891.0,2070.0,24.0,7891.0,98.0,1440.0,2066.4448,5.1867,0.266,1.0,15.4938,56.0,,,,78.67,55.0,108.0,6589.0
4558609924,2016-05-03,5267,3.48,3.48,0.0,0.6,0.28,2.6,0.0,21,10,237,1172,1953,,,,,,,,,,320.0,0.2222,5267.0,1957.0,24.0,5267.0,86.0,1440.0,1953.3558,8.1506,0.2222,3.0,14.6458,88.0,,,,82.52,52.0,148.0,7355.0
4558609924,2016-05-04,5232,3.46,3.46,0.0,0.0,0.0,3.46,0.0,0,0,252,1188,1842,,,,,,,,,,252.0,0.175,5232.0,1846.0,24.0,5232.0,105.0,1440.0,1842.7675,6.1129,0.175,1.0,13.8167,66.0,,,,76.83,54.0,127.0,5604.0
4558609924,2016-05-05,10611,7.01,7.01,0.0,1.01,0.5,5.51,0.0,14,8,370,1048,2262,,,,,,,,,,428.0,0.2972,10611.0,2265.0,24.0,10611.0,111.0,1440.0,2261.5951,5.7424,0.2972,3.0,16.9569,62.0,,,,81.94,48.0,130.0,6702.0
4558609924,2016-05-06,3755,2.48,2.48,0.0,0.0,0.0,2.48,0.0,0,0,202,1238,1722,,,,,,,,,,202.0,0.1403,3755.0,1727.0,24.0,3755.0,83.0,1440.0,1722.732,4.631,0.1403,1.0,12.9167,50.0,,,,71.95,51.0,110.0,5429.0
4558609924,2016-05-07,8237,5.44,5.44,0.0,1.61,1.0,2.83,0.0,23,16,233,1116,1973,,,,,,,,,,334.0,0.2319,8237.0,1978.0,24.0,8237.0,111.0,1440.0,1973.3617,6.2982,0.2319,3.0,14.7958,68.0,46.0,6.0,0.0,76.25,54.0,116.0,5431.0
4558609924,2016-05-08,6543,4.33,4.33,0.0,1.8,0.5,2.02,0.0,66,35,238,1019,2666,1.0,123.0,134.0,,,,,,,506.0,0.3514,6543.0,2672.0,24.0,6543.0,141.0,1440.0,2666.8387,13.3286,0.3514,3.0,20.0083,144.0,77.0,5.0,0.0,104.87,45.0,199.0,4606.0
4558609924,2016-05-09,11451,7.57,7.57,0.0,0.43,1.62,5.52,0.0,6,30,339,1065,2223,,,,69.0999984741211,152.339419805848,,27.0,True,1462838399000.0,417.0,0.2896,11451.0,2228.0,24.0,11451.0,112.0,1440.0,2223.6988,5.9232,0.2896,3.0,16.6854,64.0,,,,79.38,54.0,110.0,6643.0
4558609924,2016-05-10,6435,4.25,4.25,0.0,0.74,1.12,2.39,0.0,11,18,220,1191,1889,,,,,,,,,,289.0,0.2007,6435.0,1894.0,24.0,6435.0,109.0,1440.0,1888.5753,7.9593,0.2007,3.0,14.1708,86.0,,,,75.79,50.0,147.0,6322.0
4558609924,2016-05-11,9108,6.02,6.02,0.0,0.26,1.82,3.94,0.0,4,31,324,1081,2131,,,,,,,,,,398.0,0.2764,9108.0,2132.0,24.0,9108.0,107.0,1440.0,2130.7786,6.8487,0.2764,3.0,15.9882,74.0,,,,74.92,44.0,138.0,6441.0
4558609924,2016-05-12,6307,4.17,4.17,0.0,0.0,0.0,4.17,0.0,0,0,247,736,1452,,,,,,,,,,232.0,0.2417,6020.0,1407.0,16.0,6020.0,87.0,960.0,1402.6878,5.1828,0.2417,1.0,15.7875,56.0,,,,79.68,54.0,117.0,3842.0
4702921684,2016-04-12,7213,5.88,5.88,0.0,0.0,0.0,5.85,0.0,0,0,263,718,2947,1.0,425.0,439.0,,,,,,,263.0,0.1826,7213.0,2949.0,24.0,7213.0,112.0,1440.0,2947.2832,10.0858,0.1826,1.0,14.6111,72.0,442.0,16.0,0.0,,,,
4702921684,2016-04-13,6877,5.58,5.58,0.0,0.0,0.0,5.58,0.0,0,0,258,777,2898,2.0,400.0,430.0,,,,,,,258.0,0.1792,6877.0,2894.0,24.0,6877.0,101.0,1440.0,2896.8544,9.2453,0.1792,1.0,14.3611,66.0,376.0,26.0,3.0,,,,
4702921684,2016-04-14,7860,6.37,6.37,0.0,0.0,0.0,6.37,0.0,0,0,271,772,2984,1.0,384.0,415.0,,,,,,,271.0,0.1882,7860.0,2986.0,24.0,7860.0,110.0,1440.0,2984.8247,10.0858,0.1882,1.0,14.7972,72.0,365.0,31.0,0.0,,,,
4702921684,2016-04-15,6506,5.28,5.28,0.0,0.07,0.42,4.79,0.0,1,8,256,944,2896,1.0,253.0,257.0,,,,,,,275.0,0.191,6506.0,2896.0,24.0,6506.0,106.0,1440.0,2896.2941,9.5254,0.191,3.0,14.3583,68.0,230.0,1.0,0.0,,,,
4702921684,2016-04-16,11140,9.03,9.03,0.0,0.24,1.25,7.54,0.0,3,24,335,556,3328,2.0,382.0,406.0,,,,,,,392.0,0.2722,11134.0,3321.0,24.0,11134.0,117.0,1440.0,3322.1373,10.6461,0.2722,3.0,16.4694,76.0,498.0,22.0,2.0,,,,
4702921684,2016-04-17,12692,10.29,10.29,0.0,0.96,3.46,5.88,0.0,12,66,302,437,3394,1.0,591.0,612.0,,,,,,,470.0,0.3264,12692.0,3393.0,24.0,12692.0,111.0,1440.0,3394.4186,10.0858,0.3264,3.0,16.8278,72.0,592.0,28.0,3.0,,,,
4702921684,2016-04-18,9105,7.38,7.38,0.0,1.82,1.49,4.07,0.0,22,30,191,890,3013,1.0,293.0,312.0,,,,,,,317.0,0.2201,9105.0,3012.0,24.0,9105.0,116.0,1440.0,3013.9613,10.3659,0.2201,3.0,14.9417,74.0,288.0,19.0,0.0,,,,
4702921684,2016-04-19,6708,5.44,5.44,0.0,0.88,0.37,4.19,0.0,10,8,179,757,2812,1.0,457.0,487.0,,,,,,,225.0,0.1562,6708.0,2813.0,24.0,6708.0,121.0,1440.0,2812.8064,10.9262,0.1562,3.0,13.9444,78.0,466.0,20.0,0.0,,,,
4702921684,2016-04-20,8793,7.13,7.13,0.0,0.16,1.23,5.73,0.0,2,29,260,717,3061,1.0,454.0,468.0,,,,,,,324.0,0.225,8793.0,3063.0,24.0,8793.0,111.0,1440.0,3061.3084,10.0858,0.225,3.0,15.1764,72.0,416.0,15.0,0.0,,,,
4702921684,2016-04-21,6530,5.3,5.3,0.0,0.31,2.05,2.94,0.0,4,41,144,901,2729,1.0,425.0,434.0,,,,,,,238.0,0.1653,6530.0,2728.0,24.0,6530.0,104.0,1440.0,2729.5989,9.5254,0.1653,3.0,13.5319,68.0,342.0,8.0,0.0,,,,
4702921684,2016-04-22,1664,1.35,1.35,0.0,0.0,0.0,1.35,0.0,0,0,72,1341,2241,,,,,,,,,,72.0,0.05,1664.0,2241.0,24.0,1664.0,85.0,1440.0,2241.8403,7.8445,0.05,1.0,11.1139,56.0,27.0,0.0,0.0,,,,
4702921684,2016-04-23,15126,12.27,12.27,0.0,0.76,3.24,8.27,0.0,9,66,408,469,3691,1.0,465.0,475.0,,,,,,,567.0,0.3938,15126.0,3691.0,24.0,15126.0,118.0,1440.0,3691.9485,10.6461,0.3938,3.0,18.3028,76.0,477.0,10.0,0.0,,,,
4702921684,2016-04-24,15050,12.22,12.22,0.0,1.2,5.12,5.88,0.0,15,95,281,542,3538,1.0,480.0,506.0,,,,,,,516.0,0.3583,15050.0,3539.0,24.0,15050.0,115.0,1440.0,3538.701,10.3659,0.3583,3.0,17.5431,74.0,480.0,27.0,0.0,,,,
4702921684,2016-04-25,9167,7.43,7.43,0.0,0.49,0.82,6.11,0.0,6,15,270,730,3064,1.0,370.0,380.0,,,,,,,318.0,0.2208,9140.0,3060.0,24.0,9140.0,110.0,1440.0,3060.4679,10.0858,0.2208,3.0,15.1722,72.0,407.0,11.0,1.0,,,,
4702921684,2016-04-26,6108,4.95,4.95,0.0,0.07,0.35,4.54,0.0,1,8,216,765,2784,1.0,421.0,429.0,,,,,,,235.0,0.1632,6108.0,2784.0,24.0,6108.0,119.0,1440.0,2783.9499,10.6461,0.1632,3.0,13.8014,76.0,436.0,13.0,1.0,,,,
4702921684,2016-04-27,7047,5.72,5.72,0.0,0.09,0.8,4.78,0.0,1,16,238,733,2908,1.0,432.0,449.0,,,,,,,273.0,0.1896,6976.0,2903.0,24.0,6976.0,105.0,1440.0,2902.4576,9.5254,0.1896,3.0,14.3889,68.0,446.0,6.0,0.0,,,,
4702921684,2016-04-28,9023,7.32,7.32,0.0,1.13,0.42,5.77,0.0,14,9,232,738,3033,1.0,442.0,461.0,,,,,,,292.0,0.2028,9023.0,3033.0,24.0,9023.0,122.0,1440.0,3033.8527,10.9262,0.2028,3.0,15.0403,78.0,426.0,20.0,1.0,,,,
4702921684,2016-04-29,9930,8.05,8.05,0.0,1.06,0.92,6.07,0.0,12,19,267,692,3165,1.0,433.0,447.0,,,,,,,341.0,0.2368,9930.0,3164.0,24.0,9930.0,136.0,1440.0,3165.2477,12.0469,0.2368,3.0,15.6917,86.0,438.0,12.0,0.0,,,,
4702921684,2016-04-30,10144,8.23,8.23,0.0,0.32,2.03,5.88,0.0,4,36,263,728,3115,1.0,479.0,501.0,,,,,,,347.0,0.241,10144.0,3115.0,24.0,10144.0,109.0,1440.0,3115.9395,9.8056,0.241,3.0,15.4472,70.0,387.0,22.0,0.0,,,,
4702921684,2016-05-01,0,0.0,0.0,0.0,0.0,0.0,0.0,0.0,0,0,0,1440,2017,,,,,,,,,,0.0,0.0,0.0,2016.0,24.0,0.0,0.0,1440.0,2017.152,1.4008,0.0,0.0,10.0,10.0,,,,,,,
4702921684,2016-05-02,7245,5.92,5.92,0.0,0.38,1.74,3.76,0.0,5,40,195,1131,2859,,,,,,,,,,290.0,0.2014,7245.0,2859.0,24.0,7245.0,115.0,1440.0,2859.0328,10.3659,0.2014,3.0,14.1736,74.0,66.0,2.0,1.0,,,,
4702921684,2016-05-03,9454,7.67,7.67,0.0,0.0,0.0,7.67,0.0,0,0,313,729,3145,1.0,327.0,373.0,,,,,,,313.0,0.2174,9454.0,3145.0,24.0,9454.0,113.0,1440.0,3143.6754,10.0858,0.2174,1.0,15.5847,72.0,351.0,40.0,7.0,,,,
4702921684,2016-05-04,8161,6.62,6.62,0.0,0.34,0.73,5.54,0.0,4,15,251,757,3004,1.0,412.0,434.0,,,,,,,293.0,0.2035,8161.0,3003.0,24.0,8161.0,122.0,1440.0,3004.1557,10.9262,0.2035,3.0,14.8931,78.0,390.0,19.0,3.0,,,,
4702921684,2016-05-05,8614,6.99,6.99,0.0,0.67,0.22,6.09,0.0,8,5,241,745,3006,1.0,414.0,428.0,,,,,,,275.0,0.191,8614.0,3005.0,24.0,8614.0,120.0,1440.0,3004.716,10.6461,0.191,3.0,14.8958,76.0,426.0,12.0,3.0,,,,
4702921684,2016-05-06,6943,5.63,5.63,0.0,0.08,0.66,4.87,0.0,1,16,207,682,2859,1.0,404.0,449.0,,,,,,,242.0,0.1681,6910.0,2857.0,24.0,6910.0,107.0,1440.0,2856.5114,9.8056,0.1681,3.0,14.1611,70.0,654.0,43.0,7.0,,,,
4702921684,2016-05-07,14370,11.65,11.65,0.0,0.37,2.31,8.97,0.0,5,46,439,577,3683,1.0,520.0,543.0,,,,,,,546.0,0.3792,14370.0,3683.0,24.0,14370.0,102.0,1440.0,3683.8239,9.2453,0.3792,3.0,18.2625,66.0,710.0,36.0,0.0,,,,
4702921684,2016-05-08,12857,10.43,10.43,0.0,0.68,6.21,3.54,0.0,9,125,192,1019,3287,,,,,,,,,,469.0,0.3257,12857.0,3288.0,24.0,12857.0,98.0,1440.0,3287.3975,8.9651,0.3257,3.0,16.2972,64.0,87.0,7.0,1.0,,,,
4702921684,2016-05-09,8232,6.68,6.68,0.0,0.0,0.57,6.1,0.0,0,12,253,746,2990,1.0,435.0,458.0,,,,,,,277.0,0.1924,8232.0,2991.0,24.0,8232.0,106.0,1440.0,2990.9882,9.5254,0.1924,2.0,14.8278,68.0,410.0,19.0,0.0,,,,
4702921684,2016-05-10,10613,8.61,8.61,0.0,0.08,1.88,6.65,0.0,1,37,262,701,3172,1.0,416.0,431.0,,,,,,,339.0,0.2354,10613.0,3171.0,24.0,10613.0,119.0,1440.0,3172.812,10.6461,0.2354,3.0,15.7292,76.0,422.0,13.0,4.0,,,,
4702921684,2016-05-11,9810,7.96,7.96,0.0,0.78,2.16,4.98,0.0,10,41,235,784,3069,1.0,354.0,366.0,,,,,,,347.0,0.241,9772.0,3068.0,24.0,9772.0,112.0,1440.0,3069.9933,10.0858,0.241,3.0,15.2194,72.0,360.0,8.0,2.0,,,,
4702921684,2016-05-12,2752,2.23,2.23,0.0,0.0,0.0,2.23,0.0,0,0,68,241,1240,1.0,404.0,442.0,,,,,,,68.0,0.103,2752.0,1220.0,11.0,2752.0,108.0,660.0,1221.7778,9.8056,0.103,1.0,13.2152,70.0,330.0,34.0,0.0,,,,
5553957443,2016-04-12,11596,7.57,7.57,0.0,1.37,0.79,5.41,0.0,19,13,277,767,2026,1.0,441.0,464.0,,,,,,,360.0,0.25,11596.0,2026.0,24.0,11596.0,115.0,1440.0,2026.0088,6.0456,0.25,3.0,15.3597,66.0,346.0,16.0,2.0,64.37,50.0,106.0,8370.0
5553957443,2016-04-13,4832,3.16,3.16,0.0,0.0,0.0,3.16,0.0,0,0,226,647,1718,2.0,455.0,488.0,,,,,,,226.0,0.1569,4832.0,1718.0,24.0,4832.0,111.0,1440.0,1718.3244,6.0456,0.1569,1.0,13.0271,66.0,529.0,33.0,5.0,61.48,47.0,95.0,8051.0
5553957443,2016-04-14,17022,11.12,11.12,0.0,4.0,2.45,4.67,0.0,61,41,256,693,2324,1.0,357.0,418.0,,,,,,,521.0,0.3618,17022.0,2326.0,24.0,17022.0,119.0,1440.0,2324.4416,7.1448,0.3618,3.0,17.6222,78.0,325.0,57.0,6.0,72.56,51.0,133.0,9922.0
5553957443,2016-04-15,16556,10.86,10.86,0.0,4.16,1.98,4.71,0.0,58,38,239,689,2254,1.0,377.0,409.0,,,,,,,489.0,0.3396,16556.0,2255.0,24.0,16556.0,122.0,1440.0,2254.3676,6.2288,0.3396,3.0,17.091,68.0,388.0,27.0,0.0,69.02,50.0,123.0,9135.0
5553957443,2016-04-16,5771,3.77,3.77,0.0,0.0,0.0,3.77,0.0,0,0,288,521,1831,2.0,651.0,686.0,,,,,,,288.0,0.2,5771.0,1830.0,24.0,5771.0,73.0,1440.0,1831.084,4.2136,0.2,1.0,13.8819,46.0,598.0,32.0,1.0,66.02,50.0,116.0,8238.0
5553957443,2016-04-17,655,0.43,0.43,0.0,0.0,0.0,0.43,0.0,0,0,46,943,1397,1.0,350.0,402.0,,,,,,,46.0,0.0319,655.0,1398.0,24.0,655.0,45.0,1440.0,1397.816,3.2976,0.0319,1.0,10.5972,36.0,398.0,52.0,1.0,59.38,49.0,84.0,1437.0
5553957443,2016-04-18,3727,2.43,2.43,0.0,0.0,0.0,2.43,0.0,0,0,206,622,1683,2.0,520.0,541.0,,,,,,,206.0,0.1431,3727.0,1683.0,24.0,3727.0,84.0,1440.0,1683.2416,4.7632,0.1431,1.0,12.7611,52.0,585.0,25.0,2.0,65.38,53.0,91.0,7963.0
5553957443,2016-04-19,15482,10.11,10.11,0.0,4.28,1.66,4.18,0.0,69,28,249,756,2284,1.0,357.0,410.0,,,,,,,512.0,0.3556,15482.0,2285.0,24.0,15482.0,118.0,1440.0,2284.1376,6.5952,0.3556,3.0,17.3167,72.0,292.0,38.0,8.0,74.89,49.0,128.0,10572.0
5553957443,2016-04-20,2713,1.77,1.77,0.0,0.0,0.0,1.77,0.0,0,0,148,598,1570,1.0,658.0,678.0,,,,,,,148.0,0.1028,2713.0,1571.0,24.0,2713.0,86.0,1440.0,1570.024,4.7632,0.1028,1.0,11.9028,52.0,665.0,25.0,4.0,60.04,48.0,84.0,8239.0
5553957443,2016-04-21,12346,8.06,8.06,0.0,2.95,2.16,2.96,0.0,47,42,177,801,2066,1.0,399.0,431.0,,,,,,,402.0,0.2792,12346.0,2067.0,24.0,12346.0,122.0,1440.0,2066.4044,6.2288,0.2792,3.0,15.666,68.0,349.0,18.0,5.0,71.33,49.0,127.0,8951.0
5553957443,2016-04-22,11682,7.63,7.63,0.0,1.38,0.63,5.6,0.0,25,16,270,781,2105,1.0,322.0,353.0,,,,,,,377.0,0.2618,11670.0,2105.0,24.0,11670.0,121.0,1440.0,2104.51,6.5952,0.2618,3.0,15.9549,72.0,317.0,30.0,1.0,70.43,51.0,128.0,9088.0
5553957443,2016-04-23,4112,2.69,2.69,0.0,0.0,0.0,2.68,0.0,0,0,272,443,1776,2.0,631.0,725.0,,,,,,,272.0,0.1889,4110.0,1778.0,24.0,4110.0,61.0,1440.0,1776.2156,3.4808,0.1889,1.0,13.466,38.0,631.0,80.0,14.0,67.07,52.0,94.0,8275.0
5553957443,2016-04-24,1807,1.18,1.18,0.0,0.0,0.0,1.18,0.0,0,0,104,582,1507,2.0,553.0,640.0,,,,,,,104.0,0.0722,1807.0,1508.0,24.0,1807.0,51.0,1440.0,1507.4612,3.4808,0.0722,1.0,11.4285,38.0,661.0,85.0,8.0,63.97,50.0,92.0,7857.0
5553957443,2016-04-25,10946,7.19,7.19,0.0,2.93,0.57,3.69,0.0,51,11,201,732,2033,1.0,433.0,468.0,,,,,,,376.0,0.2611,10946.0,2034.0,24.0,10946.0,119.0,1440.0,2033.062,6.412,0.2611,3.0,15.4132,70.0,415.0,27.0,3.0,72.05,52.0,132.0,9165.0
5553957443,2016-04-26,11886,7.76,7.76,0.0,2.37,0.93,4.46,0.0,40,18,238,750,2093,1.0,412.0,453.0,,,,,,,394.0,0.2736,11886.0,2098.0,24.0,11886.0,121.0,1440.0,2093.8844,6.412,0.2736,3.0,15.8743,70.0,353.0,41.0,0.0,73.01,53.0,128.0,8923.0
5553957443,2016-04-27,10538,6.88,6.88,0.0,1.14,1.0,4.74,0.0,16,16,206,745,1922,1.0,347.0,391.0,,,,,,,286.0,0.1986,10538.0,1922.0,24.0,10538.0,115.0,1440.0,1922.1344,6.2288,0.1986,3.0,14.5722,68.0,410.0,44.0,2.0,65.07,49.0,104.0,8705.0
5553957443,2016-04-28,11393,7.63,7.63,0.0,3.71,0.75,3.17,0.0,49,13,165,727,1999,1.0,421.0,457.0,,,,,,,338.0,0.2347,11393.0,1999.0,24.0,11393.0,151.0,1440.0,1999.628,8.0608,0.2347,3.0,15.1597,88.0,446.0,39.0,0.0,71.07,51.0,149.0,9114.0
5553957443,2016-04-29,12764,8.33,8.33,0.0,2.79,0.64,4.91,0.0,46,15,270,709,2169,1.0,450.0,495.0,,,,,,,438.0,0.3042,12764.0,2170.0,24.0,12764.0,115.0,1440.0,2169.7292,8.244,0.3042,3.0,16.4493,90.0,356.0,33.0,10.0,73.07,50.0,156.0,11959.0
5553957443,2016-04-30,1202,0.78,0.78,0.0,0.0,0.0,0.78,0.0,0,0,84,506,1463,2.0,775.0,843.0,,,,,,,84.0,0.0583,1202.0,1463.0,24.0,1202.0,34.0,1440.0,1463.31,2.9312,0.0583,1.0,11.0938,32.0,778.0,62.0,10.0,65.78,49.0,89.0,8018.0
5553957443,2016-05-01,5164,3.37,3.37,0.0,0.0,0.0,3.37,0.0,0,0,237,436,1747,2.0,622.0,686.0,,,,,,,237.0,0.1646,5164.0,1746.0,24.0,5164.0,108.0,1440.0,1747.27,5.496,0.1646,1.0,13.2465,60.0,684.0,57.0,26.0,66.54,49.0,116.0,7664.0
5553957443,2016-05-02,9769,6.38,6.38,0.0,1.06,0.41,4.9,0.0,23,9,227,724,1996,1.0,409.0,471.0,,,,,,,314.0,0.2181,9769.0,1995.0,24.0,9769.0,126.0,1440.0,1996.86,6.2057,0.2181,3.0,15.1951,68.0,417.0,39.0,1.0,72.59,50.0,125.0,9751.0
5553957443,2016-05-03,12848,8.39,8.39,0.0,1.5,1.2,5.68,0.0,26,29,247,812,2116,1.0,380.0,429.0,,,,,,,383.0,0.266,12821.0,2114.0,24.0,12821.0,117.0,1440.0,2114.6767,7.3008,0.266,3.0,16.0917,80.0,282.0,42.0,2.0,69.95,50.0,134.0,9365.0
5553957443,2016-05-04,4249,2.77,2.77,0.0,0.0,0.0,2.77,0.0,0,0,224,651,1698,1.0,447.0,470.0,,,,,,,224.0,0.1556,4249.0,1698.0,24.0,4249.0,99.0,1440.0,1698.6224,5.2931,0.1556,1.0,12.9257,58.0,536.0,25.0,4.0,61.67,47.0,108.0,8459.0
5553957443,2016-05-05,14331,9.51,9.51,0.0,3.43,1.66,4.43,0.0,44,29,241,692,2156,1.0,419.0,464.0,,,,,,,431.0,0.2993,14331.0,2154.0,24.0,14331.0,138.0,1440.0,2156.2913,9.8561,0.2993,3.0,16.4083,108.0,392.0,37.0,5.0,69.4,49.0,165.0,9596.0
5553957443,2016-05-06,9632,6.29,6.29,0.0,1.52,0.54,4.23,0.0,21,9,229,761,1916,1.0,400.0,434.0,,,,,,,310.0,0.2153,9632.0,1915.0,24.0,9632.0,116.0,1440.0,1916.0037,6.5707,0.2153,3.0,14.5799,72.0,385.0,28.0,7.0,63.17,51.0,104.0,7143.0
5553957443,2016-05-07,1868,1.22,1.22,0.0,0.0,0.0,1.22,0.0,0,0,96,902,1494,1.0,442.0,470.0,,,,,,,96.0,0.0667,1868.0,1495.0,24.0,1868.0,103.0,1440.0,1494.4737,7.3921,0.0667,1.0,11.3722,81.0,416.0,25.0,1.0,63.03,51.0,140.0,2496.0
5553957443,2016-05-08,6083,4.0,4.0,0.0,0.22,0.47,3.3,0.0,3,8,210,505,1762,1.0,568.0,608.0,,,,,,,235.0,0.1632,6083.0,1763.0,24.0,6083.0,121.0,1440.0,1762.6869,6.2057,0.1632,3.0,13.4132,68.0,673.0,36.0,5.0,65.57,51.0,110.0,8317.0
5553957443,2016-05-09,11611,7.58,7.58,0.0,2.13,0.89,4.56,0.0,59,22,251,667,2272,1.0,453.0,494.0,,,,,,,472.0,0.3278,11611.0,2271.0,24.0,11611.0,116.0,1440.0,2272.739,8.3959,0.3278,3.0,17.2944,92.0,397.0,34.0,10.0,76.66,51.0,149.0,10059.0
5553957443,2016-05-10,16358,10.71,10.71,0.0,3.87,1.61,5.2,0.0,61,40,265,707,2335,1.0,418.0,443.0,,,,,,,528.0,0.3667,16315.0,2337.0,24.0,16315.0,139.0,1440.0,2335.9822,6.7532,0.3667,3.0,17.7757,74.0,348.0,11.0,8.0,76.83,53.0,133.0,10173.0
5553957443,2016-05-11,4926,3.22,3.22,0.0,0.0,0.0,3.22,0.0,0,0,195,628,1693,1.0,463.0,486.0,,,,,,,195.0,0.1354,4926.0,1694.0,24.0,4926.0,109.0,1440.0,1693.3293,5.4756,0.1354,1.0,12.8854,60.0,585.0,31.0,1.0,65.4,54.0,103.0,7860.0
5553957443,2016-05-12,3121,2.04,2.04,0.0,0.58,0.4,1.06,0.0,8,6,48,222,741,1.0,438.0,475.0,,,,,,,84.0,0.14,3121.0,716.0,10.0,3121.0,115.0,600.0,715.2046,5.8406,0.14,3.0,13.0617,64.0,316.0,25.0,3.0,64.2,54.0,107.0,2309.0
5577150313,2016-04-12,8135,6.08,6.08,0.0,3.6,0.38,2.1,0.0,86,16,140,728,3405,1.0,419.0,438.0,,,,,,,430.0,0.2986,8135.0,3406.0,24.0,8135.0,136.0,1440.0,3405.3701,15.9762,0.2986,3.0,18.3549,124.0,453.0,15.0,2.0,65.66,41.0,154.0,8685.0
5577150313,2016-04-13,5077,3.79,3.79,0.0,0.32,0.22,3.25,0.0,15,11,144,776,2551,1.0,432.0,458.0,,,,,,,211.0,0.1465,5077.0,2552.0,24.0,5077.0,95.0,1440.0,2551.9339,10.8226,0.1465,3.0,13.7549,84.0,467.0,22.0,5.0,59.7,44.0,121.0,3829.0
5577150313,2016-04-14,8596,6.42,6.42,0.0,3.33,0.31,2.78,0.0,118,30,176,662,4022,1.0,477.0,497.0,,,,,,,590.0,0.4097,8596.0,4097.0,24.0,8596.0,142.0,1440.0,4097.6274,17.7799,0.4097,3.0,22.0861,138.0,435.0,16.0,3.0,76.84,43.0,172.0,9806.0
5577150313,2016-04-15,12087,9.08,9.08,0.0,3.92,1.6,3.56,0.0,115,54,199,695,4005,1.0,392.0,413.0,,,,,,,652.0,0.4528,12087.0,4003.0,24.0,12087.0,145.0,1440.0,4004.0402,15.3029,0.4528,3.0,21.9861,121.0,355.0,18.0,3.0,73.68,39.0,157.0,17001.0
5577150313,2016-04-16,14269,10.66,10.66,0.0,6.64,1.28,2.73,0.0,184,56,158,472,4274,1.0,406.0,445.0,,,,,,,822.0,0.5708,14261.0,4272.0,24.0,14261.0,111.0,1440.0,4272.4511,12.646,0.5708,3.0,23.4618,100.0,521.0,29.0,20.0,69.84,43.0,136.0,29330.0
5577150313,2016-04-17,12231,9.14,9.14,0.0,5.98,0.83,2.32,0.0,200,37,159,525,4552,1.0,549.0,583.0,90.6999969482422,199.959265073821,,28.0,False,1460884675000.0,833.0,0.5785,12231.0,4551.0,24.0,12231.0,95.0,1440.0,4552.3529,17.4391,0.5785,3.0,25.0167,138.0,481.0,31.0,7.0,71.12,40.0,174.0,8950.0
5577150313,2016-04-18,9893,7.39,7.39,0.0,4.86,0.72,1.82,0.0,114,32,130,623,3625,1.0,527.0,553.0,,,,,,,536.0,0.3722,9893.0,3625.0,24.0,9893.0,109.0,1440.0,3624.418,15.4171,0.3722,3.0,19.9174,122.0,529.0,12.0,0.0,68.65,41.0,165.0,8629.0
5577150313,2016-04-19,12574,9.42,9.42,0.0,7.02,0.64,1.76,0.0,108,23,111,733,3501,1.0,449.0,465.0,,,,,,,481.0,0.334,12574.0,3500.0,24.0,12574.0,124.0,1440.0,3501.46,15.6699,0.334,3.0,19.2417,124.0,439.0,24.0,2.0,70.46,42.0,159.0,8667.0
5577150313,2016-04-20,8330,6.22,6.22,0.0,4.12,0.34,1.76,0.0,87,16,113,773,3192,1.0,447.0,480.0,,,,,,,406.0,0.2819,8330.0,3191.0,24.0,8330.0,114.0,1440.0,3192.4853,12.3843,0.2819,3.0,17.5438,98.0,421.0,27.0,3.0,69.17,45.0,135.0,6535.0
5577150313,2016-04-21,10830,8.09,8.09,0.0,3.65,1.66,2.78,0.0,110,74,175,670,4018,1.0,414.0,437.0,,,,,,,653.0,0.4535,10830.0,4019.0,24.0,10830.0,136.0,1440.0,4018.566,16.9336,0.4535,3.0,22.0833,134.0,385.0,22.0,3.0,72.31,43.0,168.0,10106.0
5577150313,2016-04-22,9172,6.85,6.85,0.0,2.42,0.79,3.3,0.0,62,30,200,823,3329,1.0,338.0,366.0,,,,,,,446.0,0.3097,8700.0,3283.0,24.0,8700.0,118.0,1440.0,3283.9772,11.8788,0.3097,3.0,18.0465,94.0,308.0,8.0,9.0,64.65,43.0,132.0,8361.0
5577150313,2016-04-23,7638,5.71,5.71,0.0,1.21,0.36,4.14,0.0,24,24,223,627,3152,1.0,384.0,402.0,,,,,,,343.0,0.2382,7638.0,3153.0,24.0,7638.0,107.0,1440.0,3151.2887,15.9226,0.2382,3.0,17.3174,126.0,501.0,39.0,2.0,65.08,40.0,171.0,8519.0
5577150313,2016-04-24,15764,11.78,11.78,0.0,7.65,2.15,1.98,0.0,210,65,141,425,4392,1.0,543.0,615.0,,,,,,,901.0,0.6257,15764.0,4392.0,24.0,15764.0,107.0,1440.0,4392.3685,12.1315,0.6257,3.0,24.1375,96.0,530.0,51.0,17.0,72.27,40.0,131.0,8338.0
5577150313,2016-04-25,6393,4.78,4.78,0.0,1.35,0.67,2.76,0.0,61,38,214,743,3374,1.0,421.0,461.0,,,,,,,473.0,0.3285,6393.0,3374.0,24.0,6393.0,98.0,1440.0,3374.5845,11.626,0.3285,3.0,18.5444,92.0,362.0,20.0,2.0,67.55,43.0,125.0,8877.0
5577150313,2016-04-26,5325,3.98,3.98,0.0,0.85,0.65,2.47,0.0,38,32,181,759,3088,1.0,354.0,377.0,,,,,,,359.0,0.2493,5325.0,3088.0,24.0,5325.0,97.0,1440.0,3088.8619,10.3623,0.2493,3.0,16.9743,82.0,400.0,27.0,3.0,65.36,40.0,122.0,8764.0
5577150313,2016-04-27,6805,5.14,5.14,0.0,1.81,0.4,2.93,0.0,63,16,190,773,3294,1.0,424.0,452.0,,,,,,,411.0,0.2854,6805.0,3292.0,24.0,6805.0,155.0,1440.0,3294.2132,11.626,0.2854,3.0,18.1028,92.0,375.0,23.0,0.0,66.43,42.0,130.0,8756.0
5577150313,2016-04-28,9841,7.43,7.43,0.0,3.25,1.17,3.01,0.0,99,51,141,692,3580,1.0,361.0,372.0,,,,,,,540.0,0.375,9841.0,3581.0,24.0,9841.0,138.0,1440.0,3580.5676,16.6808,0.375,3.0,19.6764,132.0,445.0,12.0,0.0,70.69,40.0,171.0,9062.0
5577150313,2016-04-29,7924,5.92,5.92,0.0,2.84,0.61,2.47,0.0,97,36,165,739,3544,1.0,459.0,485.0,,,,,,,528.0,0.3667,7924.0,3543.0,24.0,7924.0,90.0,1440.0,3544.9312,13.3952,0.3667,3.0,19.4806,106.0,381.0,19.0,3.0,66.27,42.0,141.0,8712.0
5577150313,2016-04-30,12363,9.24,9.24,0.0,5.83,0.79,2.61,0.0,207,45,163,621,4501,1.0,412.0,433.0,,,,,,,874.0,0.6069,12363.0,4502.0,24.0,12363.0,101.0,1440.0,4501.4258,12.8897,0.6069,3.0,24.7368,102.0,380.0,21.0,3.0,71.56,41.0,138.0,9037.0
5577150313,2016-05-01,13368,9.99,9.99,0.0,5.31,1.44,3.24,0.0,194,72,178,499,4546,1.0,379.0,398.0,,,,,,,904.0,0.6278,13368.0,4545.0,24.0,13368.0,102.0,1440.0,4546.919,13.3952,0.6278,3.0,24.9868,106.0,477.0,20.0,0.0,73.7,44.0,140.0,8923.0
5577150313,2016-05-02,7439,5.56,5.56,0.0,1.12,0.35,4.07,0.0,37,20,235,732,3014,2.0,525.0,553.0,,,,,,,386.0,0.2681,7414.0,3011.0,24.0,7414.0,113.0,1440.0,3014.0509,12.1315,0.2681,3.0,16.5632,96.0,392.0,15.0,9.0,64.61,43.0,128.0,4120.0
5577150313,2016-05-03,11045,8.25,8.25,0.0,4.52,0.15,3.57,0.0,97,8,212,580,3795,1.0,508.0,543.0,,,,,,,519.0,0.3604,11045.0,3796.0,24.0,11045.0,113.0,1440.0,3795.3966,14.1534,0.3604,3.0,20.8569,112.0,508.0,34.0,1.0,70.0,42.0,154.0,8690.0
5577150313,2016-05-04,5206,3.89,3.89,0.0,1.56,0.25,2.08,0.0,25,9,141,631,2755,1.0,603.0,634.0,,,,,,,234.0,0.1625,5206.0,2757.0,24.0,5206.0,127.0,1440.0,2753.8551,13.9007,0.1625,3.0,15.1333,110.0,603.0,27.0,4.0,62.25,36.0,143.0,8195.0
5577150313,2016-05-05,7550,5.64,5.64,0.0,2.5,0.47,2.67,0.0,45,21,143,1153,3004,1.0,74.0,78.0,,,,,,,320.0,0.2222,7550.0,3008.0,24.0,7550.0,121.0,1440.0,3004.9522,13.1425,0.2222,3.0,16.5132,104.0,74.0,1.0,3.0,72.21,50.0,141.0,4934.0
5577150313,2016-05-06,4950,3.7,3.7,0.0,1.93,0.32,1.45,0.0,41,16,79,1304,2643,,,,,,,,,,234.0,0.1625,4950.0,2645.0,24.0,4950.0,119.0,1440.0,2643.4077,12.1315,0.1625,3.0,14.5264,96.0,,,,70.48,48.0,134.0,3714.0
5577150313,2016-05-07,0,0.0,0.0,0.0,0.0,0.0,0.0,0.0,0,0,0,1440,1819,,,,,,,,,,0.0,0.0,0.0,1824.0,24.0,0.0,0.0,1440.0,1819.728,1.2637,0.0,0.0,10.0,10.0,,,,,,,
5577150313,2016-05-08,0,0.0,0.0,0.0,0.0,0.0,0.0,0.0,0,0,0,1440,1819,,,,,,,,,,0.0,0.0,0.0,1824.0,24.0,0.0,0.0,1440.0,1819.728,1.2637,0.0,0.0,10.0,10.0,,,,,,,
5577150313,2016-05-09,3421,2.56,2.56,0.0,1.43,0.14,0.99,0.0,34,11,70,1099,2489,,,,,,,,,,194.0,0.1347,3421.0,2490.0,24.0,3421.0,131.0,1440.0,2489.3626,12.1315,0.1347,3.0,13.6799,96.0,187.0,18.0,21.0,68.04,51.0,130.0,4373.0
5577150313,2016-05-10,8869,6.65,6.65,0.0,2.56,0.75,3.35,0.0,104,37,194,639,3841,1.0,504.0,562.0,,,,,,,580.0,0.4028,8869.0,3842.0,24.0,8869.0,142.0,1440.0,3841.1425,17.1863,0.4028,3.0,21.1083,136.0,434.0,27.0,5.0,75.29,42.0,172.0,11173.0
5577150313,2016-05-11,4038,3.04,3.04,0.0,1.83,0.3,0.89,0.0,45,15,63,257,1665,1.0,431.0,476.0,,,,,,,226.0,0.3139,3929.0,1650.0,12.0,3929.0,145.0,720.0,1649.634,17.4391,0.3139,3.0,18.1306,138.0,314.0,30.0,2.0,67.04,45.0,173.0,4474.0
6117666160,2016-04-12,0,0.0,0.0,0.0,0.0,0.0,0.0,0.0,0,0,0,1440,1496,,,,,,,,,,0.0,0.0,0.0,1488.0,24.0,0.0,0.0,1440.0,1496.5919,1.0393,0.0,0.0,10.0,10.0,,,,,,,
6117666160,2016-04-13,0,0.0,0.0,0.0,0.0,0.0,0.0,0.0,0,0,0,1440,1496,,,,,,,,,,0.0,0.0,0.0,1488.0,24.0,0.0,0.0,1440.0,1496.5919,1.0393,0.0,0.0,10.0,10.0,,,,,,,
6117666160,2016-04-14,0,0.0,0.0,0.0,0.0,0.0,0.0,0.0,0,0,0,1440,1496,,,,,,,,,,0.0,0.0,0.0,1488.0,24.0,0.0,0.0,1440.0,1496.5919,1.0393,0.0,0.0,10.0,10.0,,,,,,,
6117666160,2016-04-15,14019,10.59,10.59,0.0,0.0,0.28,10.3,0.0,0,6,513,921,2865,,,,,,,,,,525.0,0.3646,14019.0,2861.0,24.0,14019.0,103.0,1440.0,2865.1422,6.0279,0.3646,2.0,19.1444,58.0,,,,97.94,57.0,137.0,5443.0
6117666160,2016-04-16,14450,10.91,10.91,0.0,0.58,0.85,9.48,0.0,7,15,518,502,2828,1.0,380.0,398.0,,,,,,,569.0,0.3951,14450.0,2829.0,24.0,14450.0,116.0,1440.0,2828.4549,8.1065,0.3951,3.0,18.8993,78.0,380.0,17.0,1.0,87.03,54.0,155.0,9688.0
6117666160,2016-04-17,7150,5.4,5.4,0.0,0.0,0.0,5.4,0.0,0,0,312,702,2225,2.0,336.0,350.0,,,,,,,312.0,0.2167,7150.0,2222.0,24.0,7150.0,107.0,1440.0,2225.7648,6.0279,0.2167,1.0,14.8722,58.0,409.0,17.0,0.0,85.35,59.0,130.0,5824.0
6117666160,2016-04-18,5153,3.91,3.91,0.0,0.0,0.0,3.89,0.0,0,0,241,759,2018,2.0,493.0,510.0,,,,,,,241.0,0.1674,5153.0,2018.0,24.0,5153.0,101.0,1440.0,2018.9441,5.8201,0.1674,1.0,13.4903,56.0,426.0,10.0,4.0,82.91,61.0,116.0,4125.0
6117666160,2016-04-19,11135,8.41,8.41,0.0,0.0,0.0,8.41,0.0,0,0,480,425,2606,1.0,465.0,492.0,,,,,,,480.0,0.3333,11135.0,2604.0,24.0,11135.0,114.0,1440.0,2606.6683,6.2358,0.3333,1.0,17.4174,60.0,504.0,28.0,2.0,83.51,53.0,124.0,9169.0
6117666160,2016-04-20,10449,8.02,8.02,0.0,2.03,0.48,5.52,0.0,26,10,349,587,2536,1.0,474.0,502.0,,,,,,,447.0,0.3104,10449.0,2534.0,24.0,10449.0,151.0,1440.0,2536.2037,10.393,0.3104,3.0,16.9465,100.0,441.0,26.0,0.0,85.5,52.0,181.0,9182.0
6117666160,2016-04-21,19542,15.01,15.01,0.0,0.98,0.4,5.62,0.0,11,19,294,579,4900,1.0,508.0,550.0,,,,,,,365.0,0.2535,9093.0,2365.0,24.0,9093.0,152.0,1440.0,2366.6939,8.2105,0.2535,3.0,15.8139,79.0,496.0,36.0,5.0,79.4,52.0,154.0,7416.0
6117666160,2016-04-22,8206,6.2,6.2,0.0,0.0,0.0,6.2,0.0,0,0,402,413,2409,1.0,480.0,546.0,,,,,,,402.0,0.2792,8206.0,2410.0,24.0,8206.0,107.0,1440.0,2409.7209,6.5476,0.2792,1.0,16.1014,63.0,568.0,36.0,21.0,81.7,53.0,139.0,9012.0
6117666160,2016-04-23,11495,8.68,8.68,0.0,0.0,0.0,8.68,0.0,0,0,512,468,2651,1.0,492.0,539.0,,,,,,,512.0,0.3556,11495.0,2652.0,24.0,11495.0,106.0,1440.0,2650.4228,6.0279,0.3556,1.0,17.7097,58.0,422.0,24.0,14.0,81.8,54.0,121.0,9450.0
6117666160,2016-04-24,7623,5.76,5.76,0.0,0.0,0.0,5.76,0.0,0,0,362,711,2305,1.0,353.0,367.0,,,,,,,362.0,0.2514,7623.0,2302.0,24.0,7623.0,110.0,1440.0,2305.1673,7.483,0.2514,1.0,15.4028,72.0,353.0,13.0,1.0,84.21,55.0,129.0,5331.0
6117666160,2016-04-25,0,0.0,0.0,0.0,0.0,0.0,0.0,0.0,0,0,0,1440,1497,,,,,,,,,,0.0,0.0,0.0,1488.0,24.0,0.0,0.0,1440.0,1496.5919,1.0393,0.0,0.0,10.0,10.0,,,,,,,
6117666160,2016-04-26,9543,7.21,7.21,0.0,0.0,0.34,6.87,0.0,0,7,352,1077,2450,,,,,,,,,,366.0,0.2542,9543.0,2448.0,24.0,9543.0,108.0,1440.0,2450.2536,6.2358,0.2542,2.0,16.3722,60.0,2.0,1.0,1.0,90.57,60.0,136.0,6372.0
6117666160,2016-04-27,9411,7.11,7.11,0.0,0.0,0.0,7.11,0.0,0,0,458,417,2576,1.0,542.0,557.0,,,,,,,458.0,0.3181,9411.0,2580.0,24.0,9411.0,114.0,1440.0,2576.8404,6.2358,0.3181,1.0,17.2181,60.0,546.0,19.0,0.0,83.15,52.0,126.0,9172.0
6117666160,2016-04-28,3403,2.6,2.6,0.0,0.0,0.0,2.6,0.0,0,0,141,758,1879,1.0,393.0,416.0,,,,,,,141.0,0.0979,3403.0,1880.0,24.0,3403.0,154.0,1440.0,1879.7819,8.2105,0.0979,1.0,12.5604,79.0,501.0,33.0,7.0,80.1,54.0,145.0,8044.0
6117666160,2016-04-29,9592,7.24,7.24,0.0,0.0,0.0,7.24,0.0,0,0,461,479,2560,1.0,600.0,636.0,,,,,,,461.0,0.3201,9592.0,2563.0,24.0,9592.0,108.0,1440.0,2560.3155,6.0279,0.3201,1.0,17.1076,58.0,486.0,12.0,1.0,82.16,55.0,121.0,9180.0
6117666160,2016-04-30,6987,5.28,5.28,0.0,0.0,0.0,5.28,0.0,0,0,343,1040,2275,,,,,,,,,,343.0,0.2382,6987.0,2274.0,24.0,6987.0,113.0,1440.0,2275.6512,10.1851,0.2382,1.0,15.2056,98.0,54.0,2.0,1.0,85.35,53.0,189.0,5683.0
6117666160,2016-05-01,8915,6.73,6.73,0.0,0.0,0.0,6.73,0.0,0,0,397,525,2361,1.0,507.0,575.0,,,,,,,397.0,0.2757,8915.0,2359.0,24.0,8915.0,98.0,1440.0,2361.0817,6.6515,0.2757,1.0,15.7764,64.0,453.0,42.0,23.0,77.44,55.0,114.0,4946.0
6117666160,2016-05-02,4933,3.73,3.73,0.0,0.0,0.0,3.73,0.0,0,0,236,1204,2044,,,,,,,,,,235.0,0.1632,4927.0,2036.0,24.0,4927.0,71.0,1440.0,2042.1205,4.9886,0.1632,1.0,13.6451,48.0,,,,91.67,61.0,123.0,2529.0
6117666160,2016-05-03,0,0.0,0.0,0.0,0.0,0.0,0.0,0.0,0,0,0,1440,1496,,,,,,,,,,0.0,0.0,0.0,1488.0,24.0,0.0,0.0,1440.0,1496.5919,1.0393,0.0,0.0,10.0,10.0,,,,,,,
6117666160,2016-05-04,2997,2.26,2.26,0.0,0.0,0.0,2.26,0.0,0,0,156,1279,1902,,,,,,,,,,156.0,0.1083,2997.0,1896.0,24.0,2997.0,52.0,1440.0,1902.0229,4.7808,0.1083,1.0,12.709,46.0,5.0,0.0,0.0,92.9,62.0,124.0,2270.0
6117666160,2016-05-05,9799,7.4,7.4,0.0,0.0,0.0,7.4,0.0,0,0,487,479,2636,1.0,392.0,415.0,,,,,,,487.0,0.3382,9799.0,2637.0,24.0,9799.0,89.0,1440.0,2636.6001,5.4044,0.3382,1.0,17.6174,52.0,447.0,22.0,5.0,84.72,52.0,120.0,9413.0
6117666160,2016-05-06,3365,2.68,2.68,0.0,0.0,0.0,2.68,0.0,0,0,133,673,1838,2.0,658.0,698.0,,,,,,,133.0,0.0924,3365.0,1840.0,24.0,3365.0,171.0,1440.0,1837.0666,12.7834,0.0924,1.0,12.275,123.0,598.0,32.0,4.0,76.57,54.0,126.0,3483.0
6117666160,2016-05-07,7336,5.54,5.54,0.0,0.0,0.0,5.54,0.0,0,0,412,456,2469,2.0,498.0,507.0,,,,,,,412.0,0.2861,7336.0,2468.0,24.0,7336.0,72.0,1440.0,2469.1689,4.9886,0.2861,1.0,16.4986,48.0,557.0,11.0,4.0,83.88,54.0,126.0,9044.0
6117666160,2016-05-08,7328,5.53,5.53,0.0,0.0,0.0,5.53,0.0,0,0,318,517,2250,1.0,555.0,603.0,,,,,,,318.0,0.2208,7328.0,2255.0,24.0,7328.0,88.0,1440.0,2250.812,5.1965,0.2208,1.0,15.0396,50.0,555.0,37.0,13.0,81.14,52.0,118.0,9173.0
6117666160,2016-05-09,4477,3.38,3.38,0.0,0.0,0.0,3.38,0.0,0,0,197,125,1248,1.0,492.0,522.0,,,,,,,155.0,0.2153,3297.0,1085.0,12.0,3297.0,87.0,720.0,1085.4449,5.4044,0.2153,1.0,14.5056,52.0,433.0,18.0,4.0,76.47,52.0,113.0,4950.0
6290855005,2016-04-12,4562,3.45,3.45,0.0,0.0,0.0,3.45,0.0,0,0,199,1241,2560,,,,,,,,,,199.0,0.1382,4562.0,2563.0,24.0,4562.0,114.0,1440.0,2560.059,8.0136,0.1382,1.0,12.4236,56.0,,,,,,,
6290855005,2016-04-13,7142,5.4,5.4,0.0,0.0,0.0,5.39,0.01,0,0,350,1090,2905,,,,,,,,,,350.0,0.2431,7142.0,2908.0,24.0,7142.0,108.0,1440.0,2905.2162,7.4412,0.2431,1.0,14.0986,52.0,,,,,,,
6290855005,2016-04-14,7671,5.8,5.8,0.0,0.0,0.0,5.77,0.03,0,0,363,1077,2952,,,,,,,,,,363.0,0.2521,7671.0,2952.0,24.0,7671.0,115.0,1440.0,2952.4392,7.7274,0.2521,1.0,14.3278,54.0,,,,,,,
6290855005,2016-04-15,9501,7.18,7.18,0.0,0.0,0.0,7.17,0.01,0,0,328,1112,2896,,,,,,,,,,328.0,0.2278,9501.0,2897.0,24.0,9501.0,116.0,1440.0,2896.344,7.4412,0.2278,1.0,14.0556,52.0,,,,,,,
6290855005,2016-04-16,8301,6.28,6.28,0.0,0.0,0.0,6.27,0.01,0,0,258,1182,2783,,,,,,,,,,258.0,0.1792,8301.0,2787.0,24.0,8301.0,117.0,1440.0,2783.8674,8.8722,0.1792,1.0,13.5097,62.0,,,,,,,
6290855005,2016-04-17,7851,5.94,5.94,0.0,1.14,0.79,4.0,0.0,31,12,225,1172,3171,,,,,,,,,,342.0,0.2375,7851.0,3173.0,24.0,7851.0,108.0,1440.0,3171.7113,19.7499,0.2375,3.0,15.3917,138.0,,,,,,,
6290855005,2016-04-18,6885,5.21,5.21,0.0,0.0,0.0,5.19,0.02,0,0,271,1169,2766,,,,,,,,,,271.0,0.1882,6885.0,2767.0,24.0,6885.0,106.0,1440.0,2766.4092,8.0136,0.1882,1.0,13.425,56.0,,,,,,,
6290855005,2016-04-19,7142,5.4,5.4,0.0,0.0,0.0,5.39,0.01,0,0,321,1119,2839,,,,,,,,,,321.0,0.2229,7142.0,2843.0,24.0,7142.0,105.0,1440.0,2839.3902,7.4412,0.2229,1.0,13.7792,52.0,,,,,,,
6290855005,2016-04-20,6361,4.81,4.81,0.0,0.0,0.0,4.8,0.01,0,0,258,1182,2701,,,,,,,,,,258.0,0.1792,6361.0,2703.0,24.0,6361.0,108.0,1440.0,2701.1556,6.5826,0.1792,1.0,13.1083,46.0,,,,,,,
6290855005,2016-04-21,0,0.0,0.0,0.0,0.0,0.0,0.0,0.0,0,0,0,1440,2060,,,,,,,,,,0.0,0.0,0.0,2064.0,24.0,0.0,0.0,1440.0,2060.64,1.431,0.0,0.0,10.0,10.0,,,,,,,
6290855005,2016-04-22,6238,4.72,4.72,0.0,0.0,0.0,4.72,0.0,0,0,302,1138,2796,,,,,,,,,,302.0,0.2097,6238.0,2798.0,24.0,6238.0,112.0,1440.0,2796.174,7.7274,0.2097,1.0,13.5694,54.0,,,,,,,
6290855005,2016-04-23,0,0.0,0.0,0.0,0.0,0.0,0.0,0.0,33,0,0,1407,2664,,,,,,,,,,99.0,0.0687,0.0,2668.0,24.0,0.0,0.0,1440.0,2664.4191,19.7273,0.0688,3.0,12.9333,138.0,,,,,,,
6290855005,2016-04-24,5896,4.46,4.46,0.0,0.0,0.0,4.46,0.0,0,0,258,1182,2703,,,,,,,,,,258.0,0.1792,5896.0,2705.0,24.0,5896.0,107.0,1440.0,2703.7314,7.4412,0.1792,1.0,13.1208,52.0,,,,,,,
6290855005,2016-04-25,7802,5.9,5.9,0.0,0.68,0.18,5.03,0.01,8,3,249,1180,2771,,,,,,,,,,279.0,0.1937,7802.0,2774.0,24.0,7802.0,115.0,1440.0,2771.5608,10.3032,0.1938,3.0,13.45,72.0,,,,,,,
6290855005,2016-04-26,0,0.0,0.0,0.0,0.0,0.0,0.0,0.0,0,0,0,1440,2060,,,,,,,,,,0.0,0.0,0.0,2064.0,24.0,0.0,0.0,1440.0,2060.64,1.431,0.0,0.0,10.0,10.0,,,,,,,
6290855005,2016-04-27,5565,4.21,4.21,0.0,0.0,0.0,4.18,0.03,0,0,287,1153,2743,,,,,,,,,,287.0,0.1993,5565.0,2746.0,24.0,5565.0,112.0,1440.0,2743.5132,6.5826,0.1993,1.0,13.3139,46.0,,,,,,,
6290855005,2016-04-28,5731,4.33,4.33,0.0,0.0,0.0,4.33,0.0,0,0,255,1185,2687,,,,,,,,,,255.0,0.1771,5731.0,2690.0,24.0,5731.0,106.0,1440.0,2687.418,6.5826,0.1771,1.0,13.0417,46.0,,,,,,,
6290855005,2016-04-29,0,0.0,0.0,0.0,0.0,0.0,0.0,0.0,0,0,0,1440,2060,,,,,,,,,,0.0,0.0,0.0,2064.0,24.0,0.0,0.0,1440.0,2060.64,1.431,0.0,0.0,10.0,10.0,,,,,,,
6290855005,2016-04-30,6744,5.1,5.1,0.0,0.0,0.0,5.09,0.01,0,0,324,1116,2843,,,,,,,,,,324.0,0.225,6744.0,2846.0,24.0,6744.0,101.0,1440.0,2843.6832,6.0102,0.225,1.0,13.8,42.0,,,,,,,
6290855005,2016-05-01,9837,7.44,7.44,0.0,0.66,2.75,4.0,0.02,8,95,282,1055,3327,,,,,,,,,,496.0,0.3444,9837.0,3328.0,24.0,9837.0,118.0,1440.0,3327.1924,9.4446,0.3444,3.0,16.1653,66.0,,,,,,,
6290855005,2016-05-02,6781,5.13,5.13,0.0,0.0,0.0,5.11,0.02,0,0,268,1172,2725,,,,,,,,,,268.0,0.1861,6781.0,2725.0,24.0,6781.0,110.0,1440.0,2725.1964,6.5826,0.1861,1.0,13.225,46.0,,,,,,,
6290855005,2016-05-03,6047,4.57,4.57,0.0,0.0,0.0,4.57,0.0,0,0,240,1200,2671,,,,,,,,,,240.0,0.1667,6047.0,2674.0,24.0,6047.0,101.0,1440.0,2671.3908,7.4412,0.1667,1.0,12.9639,52.0,,,,,,,
6290855005,2016-05-04,5832,4.41,4.41,0.0,0.0,0.0,4.4,0.01,0,0,272,1168,2718,,,,,,,,,,272.0,0.1889,5832.0,2720.0,24.0,5832.0,114.0,1440.0,2718.6138,7.155,0.1889,1.0,13.1931,50.0,,,,,,,
6290855005,2016-05-05,6339,4.79,4.79,0.0,0.0,0.0,4.79,0.0,0,0,239,1201,2682,,,,,,,,,,239.0,0.166,6339.0,2685.0,24.0,6339.0,101.0,1440.0,2682.8388,7.4412,0.166,1.0,13.0194,52.0,,,,,,,
6290855005,2016-05-06,6116,4.62,4.62,0.0,0.0,0.0,4.59,0.03,0,0,305,1135,2806,,,,,,,,,,305.0,0.2118,6116.0,2807.0,24.0,6116.0,109.0,1440.0,2806.7634,7.4412,0.2118,1.0,13.6208,52.0,,,,,,,
6290855005,2016-05-07,5510,4.17,4.17,0.0,0.0,0.0,4.16,0.0,0,0,227,1213,2613,,,,,,,,,,227.0,0.1576,5510.0,2616.0,24.0,5510.0,100.0,1440.0,2613.5784,5.4378,0.1576,1.0,12.6833,38.0,,,,,,,
6290855005,2016-05-08,7706,5.83,5.83,0.0,0.0,0.0,5.82,0.0,0,0,251,1189,2712,,,,,,,,,,251.0,0.1743,7706.0,2713.0,24.0,7706.0,109.0,1440.0,2712.3174,6.5826,0.1743,1.0,13.1625,46.0,,,,,,,
6290855005,2016-05-09,6277,4.75,4.75,0.0,0.0,0.0,4.73,0.02,0,0,264,800,2175,,,,,,,,,,257.0,0.252,6118.0,2097.0,17.0,6118.0,108.0,1020.0,2094.4116,7.155,0.252,1.0,14.349,50.0,,,,,,,
6290855005,2016-05-10,0,0.0,0.0,0.0,0.0,0.0,0.0,0.0,0,0,0,1440,0,,,,,,,,,,,,,,,,,,,,,,,,,,,,,,
6775888955,2016-04-12,0,0.0,0.0,0.0,0.0,0.0,0.0,0.0,0,0,0,1440,1841,,,,,,,,,,0.0,0.0,0.0,1848.0,24.0,0.0,0.0,1440.0,1841.0399,1.2785,0.0,0.0,10.0,10.0,,,,,,,
6775888955,2016-04-13,4053,2.91,2.91,0.0,1.11,0.58,1.22,0.0,17,18,85,1053,2400,1.0,235.0,260.0,,,,,,,172.0,0.1194,4053.0,2401.0,24.0,4053.0,105.0,1440.0,2400.7673,8.9495,0.1194,3.0,13.0403,70.0,235.0,19.0,13.0,82.72,55.0,135.0,4371.0
6775888955,2016-04-14,5162,3.7,3.7,0.0,0.87,0.86,1.97,0.0,14,24,105,863,2507,1.0,423.0,441.0,,,,,,,195.0,0.1354,5162.0,2508.0,24.0,5162.0,111.0,1440.0,2507.522,9.2052,0.1354,3.0,13.6201,72.0,423.0,11.0,0.0,79.27,57.0,134.0,6099.0
6775888955,2016-04-15,1282,0.92,0.92,0.0,0.0,0.0,0.92,0.0,0,0,58,976,2127,1.0,391.0,406.0,,,,,,,58.0,0.0403,1282.0,2131.0,24.0,1282.0,81.0,1440.0,2127.9353,8.4381,0.0403,1.0,11.5583,66.0,391.0,11.0,4.0,80.59,62.0,126.0,3455.0
6775888955,2016-04-16,4732,3.39,3.39,0.0,2.52,0.81,0.06,0.0,36,18,9,1377,2225,,,,,,,,,,153.0,0.1062,4732.0,2231.0,24.0,4732.0,110.0,1440.0,2225.1013,10.228,0.1062,3.0,12.0861,80.0,,,,108.62,70.0,143.0,589.0
6775888955,2016-04-17,2497,1.79,1.79,0.0,0.35,1.13,0.31,0.0,5,24,19,1392,2067,,,,,,,,,,82.0,0.0569,2497.0,2074.0,24.0,2497.0,105.0,1440.0,2067.2066,8.4381,0.0569,3.0,11.2285,66.0,,,,102.37,70.0,118.0,469.0
6775888955,2016-04-18,8294,5.95,5.95,0.0,2.0,0.77,3.17,0.0,30,31,146,1233,2798,,,,,,,,,,298.0,0.2069,8294.0,2803.0,24.0,8294.0,113.0,1440.0,2798.2529,9.4609,0.2069,3.0,15.1993,74.0,,,,97.72,66.0,177.0,2549.0
6775888955,2016-04-19,0,0.0,0.0,0.0,0.0,0.0,0.0,0.0,0,0,0,1440,1841,,,,,,,,,,0.0,0.0,0.0,1848.0,24.0,0.0,0.0,1440.0,1841.0399,1.2785,0.0,0.0,10.0,10.0,,,,99.46,66.0,177.0,26.0
6775888955,2016-04-20,10771,7.72,7.72,0.0,3.77,1.74,2.22,0.0,70,113,178,1079,3727,,,,,,,,,,614.0,0.4264,10771.0,3731.0,24.0,10771.0,110.0,1440.0,3727.3389,11.2508,0.4264,3.0,20.2458,88.0,,,,105.64,70.0,155.0,4389.0
6775888955,2016-04-21,0,0.0,0.0,0.0,0.0,0.0,0.0,0.0,0,0,0,1440,1841,,,,,,,,,,0.0,0.0,0.0,1848.0,24.0,0.0,0.0,1440.0,1841.0399,1.2785,0.0,0.0,10.0,10.0,,,,,,,
6775888955,2016-04-22,637,0.46,0.46,0.0,0.0,0.0,0.46,0.0,0,0,20,1420,1922,,,,,,,,,,20.0,0.0139,637.0,1929.0,24.0,637.0,71.0,1440.0,1922.7361,6.6482,0.0139,1.0,10.4438,52.0,,,,90.89,66.0,123.0,340.0
6775888955,2016-04-23,0,0.0,0.0,0.0,0.0,0.0,0.0,0.0,0,0,0,1440,1841,,,,,,,,,,0.0,0.0,0.0,1848.0,24.0,0.0,0.0,1440.0,1841.0399,1.2785,0.0,0.0,10.0,10.0,,,,,,,
6775888955,2016-04-24,2153,1.54,1.54,0.0,0.77,0.62,0.15,0.0,11,18,11,1400,2053,,,,,,,,,,80.0,0.0556,2153.0,2059.0,24.0,2153.0,107.0,1440.0,2053.2709,8.6938,0.0556,3.0,11.1528,68.0,,,,109.79,70.0,140.0,347.0
6775888955,2016-04-25,6474,4.64,4.64,0.0,2.27,0.46,1.9,0.0,33,13,92,1302,2484,,,,,,,,,,217.0,0.1507,6463.0,2487.0,24.0,6463.0,109.0,1440.0,2482.4634,10.228,0.1507,3.0,13.484,80.0,,,,94.66,58.0,131.0,1805.0
6775888955,2016-04-26,7091,5.27,5.27,1.9596,3.48,0.87,0.73,0.0,42,30,47,1321,2584,,,,,,,,,,233.0,0.1618,7091.0,2590.0,24.0,7091.0,154.0,1440.0,2584.7434,12.1458,0.1618,3.0,14.0396,95.0,,,,99.66,56.0,143.0,1651.0
6775888955,2016-04-27,0,0.0,0.0,0.0,0.0,0.0,0.0,0.0,0,0,0,1440,1841,,,,,,,,,,0.0,0.0,0.0,1848.0,24.0,0.0,0.0,1440.0,1841.0399,1.2785,0.0,0.0,10.0,10.0,,,,,,,
6775888955,2016-04-28,703,0.5,0.5,0.0,0.06,0.2,0.24,0.0,2,13,15,1410,1993,,,,,,,,,,47.0,0.0326,703.0,2000.0,24.0,703.0,73.0,1440.0,1993.0536,8.6938,0.0326,3.0,10.8257,68.0,,,,104.71,70.0,134.0,309.0
6775888955,2016-04-29,0,0.0,0.0,0.0,0.0,0.0,0.0,0.0,0,0,0,1440,1841,,,,,,,,,,0.0,0.0,0.0,1848.0,24.0,0.0,0.0,1440.0,1841.807,1.7899,0.0,0.0,10.0042,14.0,,,,81.79,70.0,109.0,19.0
6775888955,2016-04-30,2503,1.79,1.79,0.0,0.16,0.16,1.48,0.0,3,9,84,1344,2280,,,,,,,,,,111.0,0.0771,2503.0,2286.0,24.0,2503.0,109.0,1440.0,2280.3326,8.6938,0.0771,3.0,12.3861,68.0,,,,96.1,68.0,125.0,1811.0
6775888955,2016-05-01,2487,1.78,1.78,0.0,0.48,0.62,0.68,0.0,9,34,50,1347,2319,,,,,,,,,,145.0,0.1007,2487.0,2325.0,24.0,2487.0,97.0,1440.0,2319.5825,9.2052,0.1007,3.0,12.5993,72.0,,,,107.14,70.0,129.0,1085.0
6775888955,2016-05-02,0,0.0,0.0,0.0,0.0,0.0,0.0,0.0,0,0,0,1440,1841,,,,,,,,,,0.0,0.0,0.0,1848.0,24.0,0.0,0.0,1440.0,1841.1678,1.4064,0.0,0.0,10.0007,11.0,,,,,,,
6775888955,2016-05-03,9,0.01,0.01,0.0,0.0,0.0,0.01,0.0,0,0,1,1439,1843,,,,,,,,,,1.0,0.0007,9.0,1850.0,24.0,9.0,9.0,1440.0,1843.3412,3.3241,0.0007,1.0,10.0125,26.0,,,,,,,
6775888955,2016-05-04,0,0.0,0.0,0.0,0.0,0.0,0.0,0.0,0,0,0,1440,1841,,,,,,,,,,0.0,0.0,0.0,1848.0,24.0,0.0,0.0,1440.0,1841.0399,1.2785,0.0,0.0,10.0,10.0,,,,,,,
6775888955,2016-05-05,0,0.0,0.0,0.0,0.0,0.0,0.0,0.0,0,0,0,1440,1841,,,,,,,,,,0.0,0.0,0.0,1848.0,24.0,0.0,0.0,1440.0,1841.0399,1.2785,0.0,0.0,10.0,10.0,,,,,,,
6775888955,2016-05-06,4697,3.37,3.37,0.0,0.47,0.93,1.93,0.0,12,35,75,1318,2496,,,,,,,,,,181.0,0.1257,4642.0,2501.0,24.0,4642.0,111.0,1440.0,2496.2712,8.9495,0.1257,3.0,13.559,70.0,,,,98.86,71.0,135.0,2330.0
6775888955,2016-05-07,1967,1.41,1.41,0.0,0.13,0.24,1.05,0.0,2,5,49,551,1032,,,,,,,,,,61.0,0.1017,1892.0,1013.0,10.0,1892.0,91.0,600.0,1011.4213,8.1824,0.1017,3.0,13.185,64.0,,,,94.22,70.0,118.0,1127.0
6962181067,2016-04-12,10199,6.74,6.74,0.0,3.4,0.83,2.51,0.0,50,14,189,796,1994,1.0,366.0,387.0,62.5,137.788913865625,,24.3899993896484,True,1460505599000.0,367.0,0.2549,10199.0,1998.0,24.0,10199.0,133.0,1440.0,1994.676,9.2208,0.2549,3.0,15.3229,102.0,370.0,18.0,3.0,85.04,47.0,176.0,9196.0
6962181067,2016-04-13,5652,3.74,3.74,0.0,0.57,1.21,1.96,0.0,8,24,142,548,1718,3.0,630.0,679.0,62.0999984741211,136.907061452898,,24.2399997711182,True,1460591999000.0,214.0,0.1486,5652.0,1717.0,24.0,5652.0,122.0,1440.0,1718.3389,7.0309,0.1486,3.0,13.2382,78.0,660.0,47.0,11.0,80.52,59.0,149.0,8266.0
6962181067,2016-04-14,1551,1.03,1.03,0.0,0.0,0.0,1.03,0.0,0,0,86,862,1466,2.0,508.0,535.0,61.7000007629395,136.025217450139,,24.1000003814697,True,1460678399000.0,86.0,0.0597,1551.0,1468.0,24.0,1551.0,62.0,1440.0,1466.3755,5.753,0.0597,1.0,11.3285,64.0,474.0,16.0,2.0,70.13,55.0,131.0,8089.0
6962181067,2016-04-15,5563,3.68,3.68,0.0,0.0,0.0,3.68,0.0,0,0,217,837,1756,1.0,370.0,386.0,61.5,135.584291243775,,24.0,True,1460764799000.0,217.0,0.1507,5563.0,1755.0,24.0,5563.0,110.0,1440.0,1756.5054,5.382,0.1507,1.0,13.5986,60.0,370.0,14.0,2.0,72.99,54.0,115.0,8355.0
6962181067,2016-04-16,13217,8.74,8.74,0.0,3.66,0.19,4.88,0.0,50,3,280,741,2173,1.0,357.0,366.0,62.0,136.6866025547,,24.2099990844727,True,1460851199000.0,436.0,0.3028,13217.0,2171.0,24.0,13217.0,131.0,1440.0,2172.5494,7.0262,0.3028,3.0,16.7486,78.0,357.0,5.0,4.0,82.04,55.0,142.0,9880.0
6962181067,2016-04-17,10145,6.71,6.71,0.0,0.33,0.68,5.69,0.0,5,13,295,634,2027,1.0,427.0,446.0,61.4000015258789,135.363832345577,,23.9599990844727,True,1460937599000.0,336.0,0.2333,10145.0,2028.0,24.0,10145.0,123.0,1440.0,2027.7464,6.9023,0.2333,3.0,15.709,77.0,474.0,16.0,3.0,76.66,58.0,139.0,8265.0
6962181067,2016-04-18,11404,7.54,7.54,0.0,0.83,2.39,4.32,0.0,13,42,238,689,2039,1.0,442.0,458.0,61.2000007629395,134.922906139214,,23.8899993896484,True,1461023999000.0,361.0,0.2507,11404.0,2040.0,24.0,11404.0,110.0,1440.0,2039.7539,5.7286,0.2507,3.0,15.825,64.0,433.0,21.0,4.0,76.92,55.0,134.0,7963.0
6962181067,2016-04-19,10742,7.1,7.1,0.0,2.1,2.13,2.87,0.0,35,41,195,659,2046,1.0,476.0,535.0,61.4000015258789,135.363832345577,,23.9599990844727,True,1461110399000.0,382.0,0.2653,10742.0,2046.0,24.0,10742.0,107.0,1440.0,2046.4812,6.2748,0.2653,3.0,15.8542,70.0,457.0,49.0,4.0,77.43,58.0,135.0,8612.0
6962181067,2016-04-20,13928,9.55,9.55,0.0,4.28,0.19,5.09,0.0,48,4,297,639,2174,1.0,418.0,424.0,61.7000007629395,136.025217450139,,24.1000003814697,True,1461196799000.0,449.0,0.3118,13928.0,2174.0,24.0,13928.0,134.0,1440.0,2174.3492,6.9215,0.3118,3.0,16.7979,77.0,446.0,6.0,0.0,74.91,50.0,137.0,8884.0
6962181067,2016-04-21,11835,9.71,7.88,4.0817,3.99,2.1,3.51,0.11,53,27,214,708,2179,1.0,451.0,457.0,61.4000015258789,135.363832345577,,23.9599990844727,True,1461283199000.0,427.0,0.2965,11835.0,2179.0,24.0,11835.0,150.0,1440.0,2179.5966,9.8604,0.2965,3.0,16.8854,110.0,433.0,5.0,0.0,83.47,49.0,173.0,9147.0
6962181067,2016-04-22,10725,7.09,7.09,0.0,1.77,1.55,3.77,0.0,30,33,240,659,2086,1.0,425.0,435.0,61.4000015258789,135.363832345577,,23.9599990844727,True,1461369599000.0,396.0,0.275,10725.0,2088.0,24.0,10725.0,128.0,1440.0,2086.9088,8.964,0.275,3.0,16.1674,100.0,456.0,19.0,3.0,79.12,55.0,169.0,9065.0
6962181067,2016-04-23,20031,13.24,13.24,0.0,4.2,2.0,7.04,0.0,58,41,347,484,2571,1.0,528.0,546.0,61.5,135.584291243775,,24.0,True,1461455999000.0,603.0,0.4187,20031.0,2572.0,24.0,20031.0,135.0,1440.0,2571.4299,7.5348,0.4188,3.0,19.9076,84.0,468.0,4.0,0.0,84.65,52.0,152.0,9856.0
6962181067,2016-04-24,5029,3.32,3.32,0.0,0.0,0.0,3.32,0.0,0,0,199,720,1705,1.0,511.0,514.0,61.5,135.584291243775,,24.0,True,1461542399000.0,199.0,0.1382,5029.0,1705.0,24.0,5029.0,112.0,1440.0,1705.6455,5.382,0.1382,1.0,13.2049,60.0,515.0,5.0,1.0,68.82,49.0,114.0,8643.0
6962181067,2016-04-25,13239,9.27,9.08,2.7852,3.02,1.68,4.46,0.1,35,31,282,637,2194,1.0,400.0,415.0,61.7000007629395,136.025217450139,,24.1000003814697,True,1461628799000.0,449.0,0.3118,13239.0,2193.0,24.0,13239.0,136.0,1440.0,2194.3947,7.0114,0.3118,3.0,16.9528,78.0,440.0,12.0,3.0,73.99,51.0,142.0,9093.0
6962181067,2016-04-26,10433,6.9,6.9,0.0,2.58,0.42,3.9,0.0,36,7,254,680,2012,1.0,441.0,446.0,,,,,,,376.0,0.2611,10433.0,2018.0,24.0,10433.0,117.0,1440.0,2016.772,7.1912,0.2611,3.0,15.5806,80.0,454.0,8.0,1.0,77.08,51.0,140.0,8917.0
6962181067,2016-04-27,10320,6.82,6.82,0.0,0.55,2.02,4.25,0.0,7,38,279,697,2034,1.0,455.0,467.0,61.2000007629395,134.922906139214,,23.8899993896484,True,1461801599000.0,376.0,0.2611,10320.0,2036.0,24.0,10320.0,141.0,1440.0,2034.1148,7.2503,0.2611,3.0,15.7812,81.0,413.0,6.0,0.0,73.0,53.0,142.0,8595.0
6962181067,2016-04-28,12627,8.35,8.35,0.0,2.51,0.24,5.59,0.0,38,8,288,621,2182,1.0,440.0,453.0,61.2000007629395,134.922906139214,,23.8899993896484,True,1461887999000.0,418.0,0.2903,12627.0,2185.0,24.0,12627.0,120.0,1440.0,2182.9699,10.0251,0.2903,3.0,16.9361,112.0,466.0,17.0,2.0,82.08,54.0,174.0,8928.0
6962181067,2016-04-29,10762,7.11,7.11,0.0,0.82,0.48,5.81,0.0,12,15,369,645,2254,1.0,433.0,447.0,61.4000015258789,135.363832345577,,23.9599990844727,True,1461974399000.0,435.0,0.3021,10762.0,2253.0,24.0,10762.0,118.0,1440.0,2253.6392,6.9919,0.3021,3.0,17.459,78.0,392.0,7.0,0.0,80.96,56.0,141.0,9101.0
6962181067,2016-04-30,10081,6.66,6.66,0.0,2.24,0.76,3.67,0.0,32,16,237,731,2002,1.0,422.0,424.0,61.0,134.48197993285,,23.8199996948242,True,1462060799000.0,365.0,0.2535,10081.0,2004.0,24.0,10081.0,135.0,1440.0,2002.1572,7.1512,0.2535,3.0,15.5542,80.0,422.0,2.0,0.0,80.16,53.0,141.0,8496.0
6962181067,2016-05-01,5454,3.61,3.61,0.0,0.0,0.0,3.61,0.0,0,0,215,722,1740,1.0,411.0,426.0,61.7000007629395,136.025217450139,,24.1000003814697,True,1462147199000.0,215.0,0.1493,5454.0,1741.0,24.0,5454.0,125.0,1440.0,1740.7198,5.753,0.1493,1.0,13.4479,64.0,484.0,16.0,3.0,73.29,56.0,127.0,8096.0
6962181067,2016-05-02,12912,8.54,8.54,0.0,1.2,2.0,5.34,0.0,18,39,313,655,2162,1.0,466.0,482.0,61.5,135.584291243775,,24.0,True,1462233599000.0,445.0,0.309,12912.0,2161.0,24.0,12912.0,122.0,1440.0,2162.1288,6.8172,0.309,3.0,16.7389,76.0,399.0,11.0,5.0,79.67,56.0,140.0,9518.0
6962181067,2016-05-03,12109,8.12,8.12,0.0,1.74,2.04,4.33,0.0,21,36,267,654,2072,1.0,394.0,418.0,61.0,134.48197993285,,23.8199996948242,True,1462319999000.0,402.0,0.2792,12109.0,2074.0,24.0,12109.0,155.0,1440.0,2071.9708,8.5814,0.2792,3.0,16.0965,96.0,440.0,18.0,4.0,75.4,53.0,157.0,8757.0
6962181067,2016-05-04,10147,6.71,6.71,0.0,0.47,1.68,4.55,0.0,15,36,284,683,2086,1.0,442.0,455.0,61.0999984741211,134.702438831048,,23.8500003814697,True,1462406399000.0,401.0,0.2785,10147.0,2086.0,24.0,10147.0,91.0,1440.0,2086.2424,8.945,0.2785,3.0,16.1965,100.0,408.0,12.0,2.0,79.47,55.0,174.0,9170.0
6962181067,2016-05-05,10524,6.96,6.96,0.0,0.99,1.16,4.81,0.0,14,22,305,591,2066,1.0,467.0,491.0,61.2999992370605,135.143365037411,,23.9300003051758,True,1462492799000.0,391.0,0.2715,10524.0,2066.0,24.0,10524.0,117.0,1440.0,2066.521,5.9123,0.2715,3.0,16.0201,66.0,476.0,26.0,6.0,76.64,54.0,128.0,7761.0
6962181067,2016-05-06,5908,3.91,3.91,0.0,0.0,0.0,3.91,0.0,0,0,299,717,1850,1.0,443.0,462.0,61.5,135.584291243775,,24.0,True,1462579199000.0,299.0,0.2076,5908.0,1850.0,24.0,5908.0,89.0,1440.0,1850.511,4.6644,0.2076,1.0,14.3264,52.0,416.0,8.0,0.0,72.33,52.0,114.0,9026.0
6962181067,2016-05-07,6815,4.5,4.5,0.0,0.0,0.0,4.5,0.0,0,0,328,745,1947,1.0,298.0,334.0,61.2000007629395,134.922906139214,,23.8899993896484,True,1462665599000.0,328.0,0.2278,6815.0,1947.0,24.0,6815.0,100.0,1440.0,1947.0215,5.0126,0.2278,1.0,15.1056,56.0,329.0,27.0,11.0,76.98,57.0,125.0,8543.0
6962181067,2016-05-08,4188,2.77,2.77,0.0,0.0,0.52,2.25,0.0,0,14,151,709,1659,1.0,541.0,569.0,61.2000007629395,134.922906139214,,23.8899993896484,True,1462751999000.0,179.0,0.1243,4188.0,1660.0,24.0,4188.0,84.0,1440.0,1659.6049,4.8335,0.1243,2.0,12.8757,54.0,534.0,26.0,6.0,75.0,54.0,116.0,7235.0
6962181067,2016-05-09,12342,8.72,8.68,3.1678,3.9,1.18,3.65,0.0,43,21,231,607,2105,1.0,489.0,497.0,62.4000015258789,137.568454967427,,24.3500003814697,True,1462838399000.0,402.0,0.2792,12342.0,2105.0,24.0,12342.0,135.0,1440.0,2105.3213,7.4974,0.2792,3.0,16.1854,83.0,536.0,2.0,0.0,77.02,56.0,181.0,8566.0
6962181067,2016-05-10,15448,10.21,10.21,0.0,3.47,1.75,4.99,0.0,62,34,275,626,2361,1.0,469.0,481.0,62.0999984741211,136.907061452898,,24.2399997711182,True,1462924799000.0,529.0,0.3674,15448.0,2361.0,24.0,15448.0,129.0,1440.0,2361.3075,9.9154,0.3674,3.0,18.1917,110.0,425.0,16.0,2.0,83.32,57.0,184.0,9066.0
6962181067,2016-05-11,6722,4.44,4.44,0.0,1.49,0.31,2.65,0.0,24,7,199,709,1855,1.0,452.0,480.0,61.9000015258789,136.466143656502,,24.1700000762939,True,1463011199000.0,285.0,0.1979,6722.0,1855.0,24.0,6722.0,142.0,1440.0,1855.5823,7.5617,0.1979,3.0,14.3146,84.0,476.0,23.0,2.0,79.25,53.0,145.0,9114.0
6962181067,2016-05-12,3587,2.37,2.37,0.0,0.0,0.25,2.11,0.0,0,8,105,127,928,1.0,516.0,535.0,61.9000015258789,136.466143656502,,24.1700000762939,True,1463097599000.0,121.0,0.1681,3569.0,925.0,12.0,3569.0,109.0,720.0,927.026,5.4012,0.1681,2.0,14.3028,60.0,465.0,14.0,2.0,75.72,60.0,117.0,4123.0
7007744171,2016-04-12,14172,10.29,9.48,4.8698,4.5,0.38,5.41,0.0,53,8,355,1024,2937,,,,,,,,,,530.0,0.3681,14172.0,2940.0,24.0,14172.0,116.0,1440.0,2937.7285,8.8658,0.3681,3.0,18.8688,82.0,,,,96.43,70.0,151.0,5506.0
7007744171,2016-04-13,12862,9.65,8.6,4.8513,4.61,0.56,4.48,0.0,56,22,261,1101,2742,,,,,,,,,,473.0,0.3285,12862.0,2744.0,24.0,12862.0,114.0,1440.0,2742.8963,9.0821,0.3285,3.0,17.6174,84.0,,,,93.01,70.0,144.0,5936.0
7007744171,2016-04-14,11179,8.24,7.48,3.2854,2.95,0.34,4.96,0.0,34,6,304,1096,2668,,,,,,,,,,418.0,0.2903,11179.0,2670.0,24.0,11179.0,114.0,1440.0,2668.6178,7.3522,0.2903,3.0,17.1403,68.0,,,,92.35,54.0,132.0,5982.0
7007744171,2016-04-15,5273,3.53,3.53,0.0,0.0,0.0,3.53,0.0,0,0,202,1238,2098,,,,,,,,,,202.0,0.1403,5273.0,2099.0,24.0,5273.0,102.0,1440.0,2098.5011,7.3522,0.1403,1.0,13.4785,68.0,,,,84.84,60.0,128.0,4249.0
7007744171,2016-04-16,4631,3.1,3.1,0.0,0.0,0.0,3.1,0.0,0,0,203,1155,2076,1.0,79.0,82.0,,,,,,,203.0,0.141,4631.0,2077.0,24.0,4631.0,86.0,1440.0,2076.2284,7.1359,0.141,1.0,13.3354,66.0,79.0,3.0,0.0,79.95,61.0,129.0,5640.0
7007744171,2016-04-17,8059,5.39,5.39,0.0,0.0,0.0,5.39,0.0,0,0,305,1135,2383,,,,,,,,,,305.0,0.2118,8059.0,2383.0,24.0,8059.0,94.0,1440.0,2383.5054,6.0547,0.2118,1.0,15.309,56.0,,,,85.98,63.0,127.0,5369.0
7007744171,2016-04-18,14816,10.98,9.91,4.9306,3.79,2.12,5.05,0.02,48,31,284,1077,2832,,,,,,,,,,490.0,0.3403,14816.0,2834.0,24.0,14816.0,113.0,1440.0,2832.4196,8.2171,0.3403,3.0,18.1924,76.0,,,,93.21,65.0,139.0,6137.0
7007744171,2016-04-19,14194,10.48,9.5,4.9421,4.41,0.76,5.31,0.0,53,17,304,1066,2812,,,,,,,,,,497.0,0.3451,14194.0,2812.0,24.0,14194.0,117.0,1440.0,2811.0119,7.7846,0.3451,3.0,18.0549,72.0,,,,94.41,67.0,138.0,5737.0
7007744171,2016-04-20,15566,11.31,10.41,4.9248,4.79,0.67,5.86,0.0,60,33,347,1000,3096,,,,,,,,,,593.0,0.4118,15566.0,3098.0,24.0,15566.0,116.0,1440.0,3096.2324,9.947,0.4118,3.0,19.8868,92.0,,,,96.8,70.0,151.0,5886.0
7007744171,2016-04-21,13744,9.19,9.19,0.0,2.15,1.87,5.17,0.0,30,34,327,1049,2763,,,,,,,,,,485.0,0.3368,13744.0,2765.0,24.0,13744.0,112.0,1440.0,2763.5472,7.1359,0.3368,3.0,17.75,66.0,,,,92.19,64.0,136.0,5820.0
7007744171,2016-04-22,15299,10.24,10.24,0.0,4.1,1.76,4.37,0.0,64,50,261,1065,2889,,,,,,,,,,553.0,0.384,15299.0,2891.0,24.0,15299.0,113.0,1440.0,2889.507,9.947,0.384,3.0,18.559,92.0,,,,93.93,57.0,156.0,5825.0
7007744171,2016-04-23,8093,5.41,5.41,0.0,0.13,1.13,4.15,0.0,2,25,223,1190,2284,,,,,,,,,,279.0,0.1938,8093.0,2286.0,24.0,8093.0,106.0,1440.0,2284.5756,7.1359,0.1938,3.0,14.6736,66.0,,,,93.29,66.0,135.0,3034.0
7007744171,2016-04-24,11085,7.42,7.42,0.0,0.0,0.0,7.42,0.0,0,0,419,1021,2667,,,,,,,,,,419.0,0.291,11085.0,2667.0,24.0,11085.0,85.0,1440.0,2667.1042,5.406,0.291,1.0,17.1306,50.0,,,,95.19,66.0,122.0,4138.0
7007744171,2016-04-25,18229,13.34,12.2,4.8618,4.31,1.37,7.67,0.0,51,24,379,986,3055,,,,,,,,,,580.0,0.4028,18229.0,3055.0,24.0,18229.0,118.0,1440.0,3055.4712,7.7846,0.4028,3.0,19.625,72.0,,,,94.64,60.0,137.0,6193.0
7007744171,2016-04-26,15090,10.1,10.1,0.0,0.93,0.94,8.23,0.0,16,22,424,978,2939,,,,,,,,,,516.0,0.3583,15090.0,2939.0,24.0,15090.0,99.0,1440.0,2939.6747,8.6496,0.3583,3.0,18.8812,80.0,,,,90.65,63.0,143.0,7129.0
7007744171,2016-04-27,13541,10.22,9.06,4.8856,4.27,0.66,5.29,0.0,50,12,337,1041,2830,,,,,,,,,,511.0,0.3549,13541.0,2831.0,24.0,13541.0,112.0,1440.0,2830.4735,8.2171,0.3549,3.0,18.1799,76.0,,,,95.19,71.0,137.0,5761.0
7007744171,2016-04-28,15128,10.12,10.12,0.0,1.09,0.77,8.26,0.0,16,16,401,1007,2836,,,,,,,,,,481.0,0.334,15128.0,2839.0,24.0,15128.0,121.0,1440.0,2836.6363,9.7308,0.334,3.0,18.2194,90.0,,,,89.45,58.0,152.0,6310.0
7007744171,2016-04-29,20067,14.3,13.42,4.9111,4.31,2.05,7.95,0.0,55,42,382,961,3180,,,,,,,,,,631.0,0.4382,20067.0,3183.0,24.0,20067.0,112.0,1440.0,3180.8904,9.2983,0.4382,3.0,20.4306,86.0,,,,93.94,63.0,145.0,6555.0
7007744171,2016-04-30,3761,2.52,2.52,0.0,0.0,0.0,2.52,0.0,0,0,200,1240,2051,,,,,,,,,,200.0,0.1389,3761.0,2051.0,24.0,3761.0,83.0,1440.0,2051.2526,5.6222,0.1389,1.0,13.175,52.0,,,,80.32,61.0,124.0,5225.0
7007744171,2016-05-01,5600,3.75,3.75,0.0,0.0,0.0,3.75,0.0,0,0,237,1142,2225,1.0,58.0,61.0,,,,,,,237.0,0.1646,5600.0,2228.0,24.0,5600.0,98.0,1440.0,2225.7583,6.4872,0.1646,1.0,14.2958,60.0,58.0,3.0,0.0,84.96,57.0,128.0,4655.0
7007744171,2016-05-02,13041,9.18,8.72,2.8323,4.64,0.7,3.83,0.0,64,14,250,1112,2642,,,,,,,,,,470.0,0.3264,13041.0,2642.0,24.0,13041.0,121.0,1440.0,2642.0203,9.0821,0.3264,3.0,16.9694,84.0,,,,86.11,58.0,147.0,5761.0
7007744171,2016-05-03,14510,10.87,9.71,4.9124,4.48,1.02,5.36,0.0,58,31,330,1021,2976,,,,,,,,,,566.0,0.3931,14510.0,2980.0,24.0,14510.0,117.0,1440.0,2976.3274,7.7846,0.3931,3.0,19.1167,72.0,,,,93.36,65.0,138.0,6039.0
7007744171,2016-05-04,0,0.0,0.0,0.0,0.0,0.0,0.0,0.0,0,0,0,1440,1557,,,,,,,,,,0.0,0.0,0.0,1560.0,24.0,0.0,0.0,1440.0,1557.4686,1.1893,0.0,0.0,10.0035,11.0,,,,,,,
7007744171,2016-05-05,15010,11.1,10.04,4.8782,4.33,1.29,5.48,0.0,53,23,317,1047,2933,,,,,,,,,,522.0,0.3625,15010.0,2935.0,24.0,15010.0,111.0,1440.0,2933.62,8.0009,0.3625,3.0,18.8424,74.0,,,,97.9,70.0,133.0,4825.0
7007744171,2016-05-06,11459,7.67,7.67,0.0,3.0,0.81,3.86,0.0,44,13,247,1136,2553,,,,,,,,,,405.0,0.2813,11459.0,2555.0,24.0,11459.0,114.0,1440.0,2553.6863,11.4607,0.2812,3.0,16.4021,106.0,,,,87.15,62.0,166.0,5880.0
7007744171,2016-05-07,0,0.0,0.0,0.0,0.0,0.0,0.0,0.0,0,0,0,111,120,,,,,,,,,,0.0,0.0,0.0,65.0,1.0,0.0,0.0,60.0,64.872,1.0812,0.0,0.0,10.0,10.0,,,,,,,
7086361926,2016-04-12,11317,8.41,8.41,0.0,5.27,0.15,2.97,0.0,59,6,153,745,2772,1.0,514.0,525.0,,,,,,,342.0,0.2375,11309.0,2773.0,24.0,11309.0,166.0,1440.0,2772.2123,13.2409,0.2375,3.0,17.0111,117.0,463.0,10.0,3.0,,,,
7086361926,2016-04-13,5813,3.62,3.62,0.0,0.56,0.21,2.84,0.0,31,26,155,744,2516,1.0,451.0,465.0,,,,,,,300.0,0.2083,5813.0,2517.0,24.0,5813.0,115.0,1440.0,2516.335,9.7326,0.2083,3.0,15.441,86.0,474.0,10.0,0.0,,,,
7086361926,2016-04-14,9123,6.12,6.12,0.0,2.03,0.33,3.66,0.0,35,32,189,787,2734,1.0,472.0,476.0,,,,,,,358.0,0.2486,8998.0,2729.0,24.0,8998.0,167.0,1440.0,2727.397,12.5619,0.2486,3.0,16.7361,111.0,396.0,1.0,0.0,,,,
7086361926,2016-04-15,8585,5.67,5.67,0.0,2.04,1.11,2.53,0.0,30,21,139,864,2395,1.0,377.0,386.0,,,,,,,271.0,0.1882,8585.0,2396.0,24.0,8585.0,136.0,1440.0,2395.3562,9.7326,0.1882,3.0,14.6986,86.0,377.0,8.0,1.0,,,,
7086361926,2016-04-16,31,0.01,0.01,0.0,0.0,0.0,0.01,0.0,0,0,3,1437,1635,,,,,,,,,,3.0,0.0021,31.0,1637.0,24.0,31.0,19.0,1440.0,1635.1934,2.9424,0.0021,1.0,10.034,26.0,,,,,,,
7086361926,2016-04-17,0,0.0,0.0,0.0,0.0,0.0,0.0,0.0,0,0,0,1440,1629,,,,,,,,,,0.0,0.0,0.0,1632.0,24.0,0.0,0.0,1440.0,1629.6481,1.1317,0.0,0.0,10.0,10.0,,,,,,,
7086361926,2016-04-18,9827,6.71,6.71,0.0,3.17,1.22,2.31,0.0,61,51,114,1136,2743,,,,,,,,,,399.0,0.2771,9827.0,2744.0,24.0,9827.0,168.0,1440.0,2743.6935,12.5619,0.2771,3.0,16.8361,111.0,71.0,7.0,0.0,,,,
7086361926,2016-04-19,10688,7.29,7.29,0.0,3.53,1.23,2.51,0.0,67,69,124,671,2944,1.0,472.0,483.0,,,,,,,463.0,0.3215,10688.0,2945.0,24.0,10688.0,168.0,1440.0,2944.3439,13.6936,0.3215,3.0,18.0674,121.0,499.0,10.0,0.0,,,,
7086361926,2016-04-20,14365,10.64,10.64,0.0,7.64,0.45,2.54,0.0,87,13,145,797,2997,1.0,492.0,502.0,,,,,,,432.0,0.3,14365.0,2997.0,24.0,14365.0,168.0,1440.0,2996.8548,13.4672,0.3,3.0,18.3896,119.0,394.0,4.0,0.0,,,,
7086361926,2016-04-21,9469,6.18,6.18,0.0,1.36,0.3,4.51,0.0,19,6,206,758,2463,1.0,390.0,411.0,,,,,,,275.0,0.191,9469.0,2465.0,24.0,9469.0,118.0,1440.0,2463.5978,8.3746,0.191,3.0,15.1174,74.0,416.0,21.0,14.0,,,,
7086361926,2016-04-22,9753,6.53,6.53,0.0,2.87,0.97,2.67,0.0,58,59,153,762,2846,1.0,428.0,448.0,,,,,,,445.0,0.309,9733.0,2842.0,24.0,9733.0,169.0,1440.0,2843.849,13.6936,0.309,3.0,17.4507,121.0,402.0,6.0,0.0,,,,
7086361926,2016-04-23,2817,1.81,1.81,0.0,0.0,0.0,1.8,0.0,0,0,90,1350,1965,,,,,,,,,,90.0,0.0625,2811.0,1966.0,24.0,2811.0,105.0,1440.0,1963.6127,8.1482,0.0625,1.0,12.0493,72.0,,,,,,,
7086361926,2016-04-24,3520,2.16,2.16,0.0,0.0,0.0,2.15,0.0,0,0,125,566,2049,1.0,681.0,704.0,,,,,,,125.0,0.0868,3520.0,2048.0,24.0,3520.0,115.0,1440.0,2049.1692,7.9219,0.0868,1.0,12.5743,70.0,726.0,23.0,0.0,,,,
7086361926,2016-04-25,10091,6.82,6.82,0.0,3.75,0.7,2.37,0.0,69,39,129,706,2752,1.0,446.0,447.0,,,,,,,414.0,0.2875,10091.0,2754.0,24.0,10091.0,172.0,1440.0,2752.2944,13.9199,0.2875,3.0,16.8889,123.0,490.0,7.0,0.0,,,,
7086361926,2016-04-26,10387,7.07,7.07,0.0,4.16,0.77,2.12,0.0,70,33,132,726,2781,1.0,485.0,500.0,,,,,,,408.0,0.2833,10378.0,2780.0,24.0,10378.0,169.0,1440.0,2780.0211,13.2409,0.2833,3.0,17.059,117.0,465.0,14.0,0.0,,,,
7086361926,2016-04-27,11107,8.34,8.34,0.0,5.63,0.18,2.53,0.0,55,6,145,829,2693,1.0,469.0,479.0,,,,,,,322.0,0.2236,11107.0,2693.0,24.0,11107.0,170.0,1440.0,2692.9933,13.2409,0.2236,3.0,16.525,117.0,400.0,5.0,0.0,,,,
7086361926,2016-04-28,11584,7.8,7.8,0.0,2.79,1.64,3.36,0.0,54,48,161,810,2862,1.0,354.0,367.0,,,,,,,419.0,0.291,11575.0,2858.0,24.0,11575.0,169.0,1440.0,2860.2586,12.7882,0.291,3.0,17.5514,113.0,354.0,9.0,4.0,,,,
7086361926,2016-04-29,7881,4.95,4.95,0.0,0.49,0.45,4.0,0.0,24,36,182,1198,2616,,,,,,,,,,326.0,0.2264,7881.0,2615.0,24.0,7881.0,129.0,1440.0,2614.4534,9.5063,0.2264,3.0,16.0431,84.0,,,,,,,
7086361926,2016-04-30,14560,9.41,9.41,0.0,3.12,1.04,5.24,0.0,42,17,308,584,2995,1.0,485.0,489.0,,,,,,,468.0,0.325,14560.0,2997.0,24.0,14560.0,174.0,1440.0,2995.8363,13.2409,0.325,3.0,18.3833,117.0,485.0,2.0,2.0,,,,
7086361926,2016-05-01,12390,8.07,8.07,0.0,2.3,0.9,4.85,0.0,30,15,258,685,2730,1.0,388.0,407.0,,,,,,,378.0,0.2625,12375.0,2727.0,24.0,12375.0,118.0,1440.0,2729.4341,9.2799,0.2625,3.0,16.7486,82.0,423.0,19.0,10.0,,,,
7086361926,2016-05-02,10052,6.81,6.81,0.0,3.48,0.66,2.66,0.0,66,26,139,737,2754,1.0,440.0,459.0,,,,,,,389.0,0.2701,10052.0,2757.0,24.0,10052.0,175.0,1440.0,2754.2183,13.9199,0.2701,3.0,16.9007,123.0,461.0,11.0,0.0,,,,
7086361926,2016-05-03,10288,6.76,6.76,0.0,2.74,0.85,3.16,0.0,57,36,152,761,2754,1.0,456.0,461.0,,,,,,,395.0,0.2743,10288.0,2755.0,24.0,10288.0,172.0,1440.0,2753.992,13.0146,0.2743,3.0,16.8993,115.0,428.0,6.0,0.0,,,,
7086361926,2016-05-04,10988,8.31,8.31,0.0,5.28,0.12,2.9,0.0,45,12,135,843,2655,1.0,420.0,436.0,,,,,,,294.0,0.2042,10988.0,2655.0,24.0,10988.0,169.0,1440.0,2655.1946,13.6936,0.2042,3.0,16.2931,121.0,392.0,13.0,0.0,,,,
7086361926,2016-05-05,8564,5.6,5.6,0.0,1.78,0.83,2.95,0.0,24,14,149,1253,2386,,,,,,,,,,249.0,0.1729,8525.0,2382.0,24.0,8525.0,114.0,1440.0,2379.3993,13.5804,0.1729,3.0,14.6007,120.0,,,,,,,
7086361926,2016-05-06,12461,8.38,8.38,0.0,3.82,1.43,3.12,0.0,84,35,154,834,2924,1.0,322.0,333.0,,,,,,,476.0,0.3306,12461.0,2924.0,24.0,12461.0,172.0,1440.0,2923.6338,14.1462,0.3306,3.0,17.9403,125.0,322.0,10.0,1.0,,,,
7086361926,2016-05-07,12827,8.48,8.48,0.0,1.46,2.33,4.68,0.0,20,42,209,621,2739,1.0,530.0,548.0,,,,,,,353.0,0.2451,12827.0,2738.0,24.0,12827.0,120.0,1440.0,2739.5062,9.2799,0.2451,3.0,16.8104,82.0,530.0,17.0,1.0,,,,
7086361926,2016-05-08,10677,7.1,7.1,0.0,2.31,1.53,3.25,0.0,32,27,147,695,2534,1.0,481.0,510.0,,,,,,,297.0,0.2062,10677.0,2532.0,24.0,10677.0,118.0,1440.0,2534.329,9.2799,0.2062,3.0,15.5514,82.0,509.0,21.0,9.0,,,,
7086361926,2016-05-09,13566,9.11,9.11,0.0,4.26,1.71,3.12,0.0,67,50,171,743,2960,1.0,427.0,438.0,,,,,,,472.0,0.3278,13558.0,2958.0,24.0,13558.0,171.0,1440.0,2958.9429,13.0146,0.3278,3.0,18.1569,115.0,399.0,10.0,0.0,,,,
7086361926,2016-05-10,14433,10.79,10.79,0.0,7.11,1.2,2.45,0.0,72,23,106,1182,2800,,,,,,,,,,368.0,0.2556,14407.0,2795.0,24.0,14407.0,173.0,1440.0,2795.299,13.9199,0.2556,3.0,17.1528,123.0,56.0,1.0,0.0,,,,
7086361926,2016-05-11,9572,6.52,6.52,0.0,2.89,1.39,2.23,0.0,57,40,128,757,2735,1.0,451.0,463.0,,,,,,,379.0,0.2632,9572.0,2735.0,24.0,9572.0,173.0,1440.0,2735.3189,14.3726,0.2632,3.0,16.7847,127.0,440.0,16.0,1.0,,,,
7086361926,2016-05-12,3789,2.56,2.56,0.0,0.38,0.27,1.89,0.0,5,4,58,343,1199,1.0,444.0,457.0,,,,,,,32.0,0.041,1032.0,995.0,13.0,1032.0,85.0,780.0,994.9907,7.0165,0.041,1.0,11.2718,62.0,399.0,7.0,0.0,,,,
8053475328,2016-04-12,18060,14.12,14.12,0.0,11.64,0.39,2.1,0.0,116,8,123,1193,3186,,,,,,,,,,487.0,0.3382,18060.0,3186.0,24.0,18060.0,142.0,1440.0,3186.2157,12.7848,0.3382,3.0,18.1722,105.0,,,,,,,
8053475328,2016-04-13,16433,13.35,13.35,0.0,10.43,0.47,2.45,0.0,95,12,156,1177,3140,,,,,,,,,,465.0,0.3229,16433.0,3140.0,24.0,16433.0,139.0,1440.0,3140.921,12.5413,0.3229,3.0,17.9139,103.0,,,,,,,
8053475328,2016-04-14,20159,15.97,15.97,0.0,12.34,0.21,3.36,0.0,119,5,193,1123,3411,,,,,,,,,,560.0,0.3889,20089.0,3407.0,24.0,20089.0,141.0,1440.0,3407.6971,12.5413,0.3889,3.0,19.4354,103.0,,,,,,,
8053475328,2016-04-15,20669,16.24,16.24,0.0,13.26,0.39,2.59,0.0,132,8,158,1142,3410,,,,,,,,,,570.0,0.3958,20669.0,3410.0,24.0,20669.0,139.0,1440.0,3410.8629,12.5413,0.3958,3.0,19.4535,103.0,,,,,,,
8053475328,2016-04-16,14549,11.11,11.11,0.0,9.36,0.27,1.49,0.0,96,6,83,1255,2867,,,,,,,,,,383.0,0.266,14549.0,2868.0,24.0,14549.0,138.0,1440.0,2867.935,12.2978,0.266,3.0,16.3569,101.0,,,,,,,
8053475328,2016-04-17,18827,13.69,13.69,0.0,9.24,0.8,3.64,0.0,111,21,195,1113,3213,,,,,,,,,,570.0,0.3958,18827.0,3211.0,24.0,18827.0,129.0,1440.0,3213.0029,9.9843,0.3958,3.0,18.325,82.0,,,,,,,
8053475328,2016-04-18,17076,12.66,12.66,0.0,9.08,0.23,3.35,0.0,102,6,195,1137,3133,,,,,,,,,,513.0,0.3562,17076.0,3134.0,24.0,17076.0,139.0,1440.0,3133.3718,12.2978,0.3562,3.0,17.8708,101.0,,,,,,,
8053475328,2016-04-19,15929,12.48,12.48,0.0,9.22,0.31,2.95,0.0,90,7,191,1152,3114,,,,,,,,,,475.0,0.3299,15929.0,3112.0,24.0,15929.0,141.0,1440.0,3114.6208,12.5413,0.3299,3.0,17.7639,103.0,,,,,,,
8053475328,2016-04-20,15108,12.19,12.19,0.0,9.58,0.23,2.38,0.0,89,5,158,695,3043,1.0,486.0,493.0,,,,,,,435.0,0.3021,15108.0,3044.0,24.0,15108.0,140.0,1440.0,3043.513,12.5413,0.3021,3.0,17.3583,103.0,486.0,4.0,3.0,,,,
8053475328,2016-04-21,16057,12.51,12.51,0.0,9.67,0.25,2.58,0.0,100,6,170,1164,3103,,,,,,,,,,482.0,0.3347,16049.0,3103.0,24.0,16049.0,140.0,1440.0,3101.1055,12.5413,0.3347,3.0,17.6868,103.0,,,,,,,
8053475328,2016-04-22,10520,8.29,8.29,0.0,6.26,0.15,1.88,0.0,60,3,117,1260,2655,,,,,,,,,,303.0,0.2104,10520.0,2655.0,24.0,10520.0,141.0,1440.0,2655.3421,12.2978,0.2104,3.0,15.1444,101.0,,,,,,,
8053475328,2016-04-23,22359,17.19,17.19,0.0,12.54,0.63,4.02,0.0,125,14,223,741,3554,1.0,331.0,337.0,,,,,,,626.0,0.4347,22359.0,3555.0,24.0,22359.0,137.0,1440.0,3554.905,12.2978,0.4347,3.0,20.275,101.0,331.0,1.0,5.0,,,,
8053475328,2016-04-24,22988,17.95,17.95,0.0,13.13,1.55,3.26,0.0,129,33,182,1096,3577,,,,,,,,,,635.0,0.441,22988.0,3575.0,24.0,22988.0,141.0,1440.0,3577.187,12.5413,0.441,3.0,20.4021,103.0,,,,,,,
8053475328,2016-04-25,20500,15.69,15.69,0.0,11.37,0.46,3.86,0.0,118,9,209,1104,3403,,,,,,,,,,581.0,0.4035,20500.0,3402.0,24.0,20500.0,139.0,1440.0,3403.679,12.5413,0.4035,3.0,19.4125,103.0,,,,,,,
8053475328,2016-04-26,12685,9.62,9.62,0.0,6.31,0.2,3.1,0.0,68,5,185,1182,2846,,,,,,,,,,399.0,0.2771,12685.0,2846.0,24.0,12685.0,139.0,1440.0,2845.0442,12.5413,0.2771,3.0,16.2264,103.0,,,,,,,
8053475328,2016-04-27,12422,9.82,9.82,0.0,6.46,0.43,2.93,0.0,60,10,183,1187,2852,,,,,,,,,,383.0,0.266,12422.0,2850.0,24.0,12422.0,141.0,1440.0,2852.5933,12.5413,0.266,3.0,16.2694,103.0,,,,,,,
8053475328,2016-04-28,15447,12.4,12.4,0.0,9.67,0.39,2.35,0.0,90,9,153,1188,3062,,,,,,,,,,441.0,0.3062,15447.0,3062.0,24.0,15447.0,143.0,1440.0,3062.264,12.7848,0.3062,3.0,17.4653,105.0,,,,,,,
8053475328,2016-04-29,12315,9.65,9.65,0.0,6.17,0.31,3.17,0.0,58,8,159,1215,2794,,,,,,,,,,349.0,0.2424,12315.0,2793.0,24.0,12315.0,141.0,1440.0,2794.7573,12.5413,0.2424,3.0,15.9396,103.0,,,,,,,
8053475328,2016-04-30,7135,5.59,5.59,0.0,2.99,0.06,2.54,0.0,27,1,131,1281,2408,,,,,,,,,,214.0,0.1486,7135.0,2408.0,24.0,7135.0,220.0,1440.0,2408.8998,16.4376,0.1486,3.0,13.7389,135.0,,,,,,,
8053475328,2016-05-01,1170,0.85,0.85,0.0,0.0,0.0,0.85,0.0,0,0,51,1389,1886,,,,,,,,,,51.0,0.0354,1170.0,1885.0,24.0,1170.0,61.0,1440.0,1886.0624,5.1139,0.0354,1.0,10.7569,42.0,,,,,,,
8053475328,2016-05-02,1969,1.43,1.43,0.0,0.0,0.0,1.43,0.0,0,0,95,1345,1988,,,,,,,,,,95.0,0.066,1969.0,1992.0,24.0,1969.0,62.0,1440.0,1988.3316,5.0992,0.066,1.0,11.3729,42.0,,,,,,,
8053475328,2016-05-03,15484,11.9,11.9,0.0,8.39,0.93,2.59,0.0,87,22,165,1166,3023,,,,,,,,,,470.0,0.3264,15484.0,3022.0,24.0,15484.0,138.0,1440.0,3023.4733,12.2624,0.3264,3.0,17.2938,101.0,,,,,,,
8053475328,2016-05-04,14581,11.15,11.15,0.0,8.82,0.4,1.91,0.0,89,8,123,1220,2918,,,,,,,,,,406.0,0.2819,14563.0,2916.0,24.0,14563.0,138.0,1440.0,2916.7539,12.2624,0.2819,3.0,16.6833,101.0,,,,,,,
8053475328,2016-05-05,14990,11.51,11.51,0.0,8.85,0.45,2.21,0.0,93,9,130,1208,2950,,,,,,,,,,427.0,0.2965,14990.0,2954.0,24.0,14990.0,140.0,1440.0,2950.1416,12.2624,0.2965,3.0,16.8743,101.0,,,,,,,
8053475328,2016-05-06,13953,11.0,11.0,0.0,9.1,0.69,1.21,0.0,90,15,90,1245,2859,,,,,,,,,,390.0,0.2708,13953.0,2864.0,24.0,13953.0,144.0,1440.0,2859.2055,12.748,0.2708,3.0,16.3542,105.0,,,,,,,
8053475328,2016-05-07,19769,15.67,15.67,0.0,12.44,0.88,2.35,0.0,121,20,148,1076,3331,1.0,74.0,75.0,,,,,,,551.0,0.3826,19769.0,3332.0,24.0,19769.0,142.0,1440.0,3331.369,12.748,0.3826,3.0,19.0549,105.0,74.0,0.0,1.0,,,,
8053475328,2016-05-08,22026,17.65,17.65,0.0,13.4,0.59,3.66,0.0,125,14,228,1073,3589,,,,,,,,,,631.0,0.4382,22026.0,3591.0,24.0,22026.0,141.0,1440.0,3589.4867,12.5052,0.4382,3.0,20.5312,103.0,,,,,,,
8053475328,2016-05-09,12465,9.38,9.38,0.0,6.12,0.57,2.69,0.0,66,12,148,1214,2765,,,,,,,,,,370.0,0.2569,12465.0,2767.0,24.0,12465.0,139.0,1440.0,2765.2342,12.5052,0.2569,3.0,15.8167,103.0,,,,,,,
8053475328,2016-05-10,14810,11.36,11.36,0.0,9.09,0.42,1.85,0.0,96,10,115,1219,2926,,,,,,,,,,423.0,0.2938,14810.0,2928.0,24.0,14810.0,165.0,1440.0,2926.1024,14.4478,0.2938,3.0,16.7368,119.0,,,,,,,
8053475328,2016-05-11,12209,9.4,9.4,0.0,6.08,0.28,3.04,0.0,60,7,184,1189,2809,,,,,,,,,,378.0,0.2625,12209.0,2811.0,24.0,12209.0,142.0,1440.0,2808.9418,12.748,0.2625,3.0,16.0667,105.0,,,,,,,
8053475328,2016-05-12,4998,3.91,3.91,0.0,2.95,0.2,0.76,0.0,28,4,39,839,1505,,,,,,,,,,130.0,0.1444,4895.0,1487.0,15.0,4895.0,141.0,900.0,1485.2085,12.5052,0.1444,3.0,13.5922,103.0,,,,,,,
8253242879,2016-04-12,9033,7.16,7.16,0.0,5.43,0.14,1.59,0.0,40,2,154,1244,2044,,,,,,,,,,278.0,0.1931,9033.0,2039.0,24.0,9033.0,173.0,1440.0,2044.2668,9.8149,0.1931,3.0,14.3194,99.0,,,,,,,
8253242879,2016-04-13,8053,6.1,6.1,0.0,4.17,0.63,1.31,0.0,35,11,96,1298,1935,,,,,,,,,,223.0,0.1549,8053.0,1930.0,24.0,8053.0,169.0,1440.0,1935.1137,11.0045,0.1549,3.0,13.5549,111.0,,,,,,,
8253242879,2016-04-14,5234,3.46,3.46,0.0,1.93,0.99,0.54,0.0,29,16,33,1362,1705,,,,,,,,,,152.0,0.1056,5234.0,1695.0,24.0,5234.0,110.0,1440.0,1705.6046,8.1295,0.1056,3.0,11.9472,82.0,,,,,,,
8253242879,2016-04-15,2672,1.77,1.77,0.0,0.0,0.0,1.76,0.0,0,0,105,1335,1632,,,,,,,,,,105.0,0.0729,2672.0,1626.0,24.0,2672.0,105.0,1440.0,1632.0427,6.7415,0.0729,1.0,11.4319,68.0,,,,,,,
8253242879,2016-04-16,9256,6.14,6.14,0.0,0.43,3.27,2.45,0.0,6,51,115,1268,1880,,,,,,,,,,235.0,0.1632,9256.0,1876.0,24.0,9256.0,122.0,1440.0,1880.9832,6.9398,0.1632,3.0,13.1757,70.0,,,,,,,
8253242879,2016-04-17,10204,7.91,7.91,0.0,5.43,0.15,2.33,0.0,41,5,157,1237,2112,,,,,,,,,,290.0,0.2014,10204.0,2108.0,24.0,10204.0,171.0,1440.0,2112.0786,10.608,0.2014,3.0,14.7944,107.0,,,,,,,
8253242879,2016-04-18,5151,3.48,3.48,0.0,1.04,0.63,1.8,0.0,16,16,130,1278,1829,,,,,,,,,,210.0,0.1458,5151.0,1824.0,24.0,5151.0,132.0,1440.0,1829.0339,10.0131,0.1458,3.0,12.8118,101.0,,,,,,,
8253242879,2016-04-19,4212,2.78,2.78,0.0,0.0,0.0,2.78,0.0,0,0,164,1276,1763,,,,,,,,,,164.0,0.1139,4212.0,1760.0,24.0,4212.0,102.0,1440.0,1763.5023,6.1467,0.1139,1.0,12.3528,62.0,,,,,,,
8253242879,2016-04-20,6466,4.27,4.27,0.0,0.33,0.82,3.11,0.01,5,18,216,1201,1931,,,,,,,,,,267.0,0.1854,6466.0,1927.0,24.0,6466.0,108.0,1440.0,1931.4455,7.3364,0.1854,3.0,13.5292,74.0,,,,,,,
8253242879,2016-04-21,11268,8.56,8.56,0.0,5.88,0.93,1.75,0.0,49,20,172,1199,2218,,,,,,,,,,359.0,0.2493,11268.0,2214.0,24.0,11268.0,169.0,1440.0,2218.1584,11.5994,0.2493,3.0,15.5375,117.0,,,,,,,
8253242879,2016-04-22,2824,1.87,1.87,0.0,0.0,0.0,1.87,0.0,0,0,120,1320,1651,,,,,,,,,,120.0,0.0833,2824.0,1644.0,24.0,2824.0,77.0,1440.0,1651.0776,4.5604,0.0833,1.0,11.5653,46.0,,,,,,,
8253242879,2016-04-23,9282,6.26,6.26,0.0,2.09,1.04,3.13,0.0,30,26,191,1193,2132,,,,,,,,,,333.0,0.2312,9282.0,2129.0,24.0,9282.0,134.0,1440.0,2132.6005,10.4097,0.2312,3.0,14.9382,105.0,,,,,,,
8253242879,2016-04-24,8905,7.13,7.13,0.0,5.6,0.19,1.34,0.0,41,4,82,1313,1976,,,,,,,,,,213.0,0.1479,8905.0,1972.0,24.0,8905.0,172.0,1440.0,1976.2568,11.0045,0.1479,3.0,13.8431,111.0,,,,,,,
8253242879,2016-04-25,6829,4.51,4.51,0.0,0.36,2.39,1.77,0.0,7,54,118,1261,1909,,,,,,,,,,247.0,0.1715,6829.0,1903.0,24.0,6829.0,95.0,1440.0,1909.0398,6.345,0.1715,3.0,13.3722,64.0,,,,,,,
8253242879,2016-04-26,4562,3.04,3.04,0.0,1.18,0.49,1.37,0.0,19,14,108,1299,1813,,,,,,,,,,193.0,0.134,4562.0,1809.0,24.0,4562.0,135.0,1440.0,1813.3697,10.2114,0.134,3.0,12.7021,103.0,,,,,,,
8253242879,2016-04-27,10232,8.18,8.18,0.0,6.24,0.23,1.7,0.0,45,5,104,1286,2008,,,,,,,,,,249.0,0.1729,10232.0,2005.0,24.0,10232.0,172.0,1440.0,2008.279,9.6166,0.1729,3.0,14.0674,97.0,,,,,,,
8253242879,2016-04-28,2718,1.8,1.8,0.0,0.67,0.78,0.34,0.0,11,16,20,1393,1580,,,,,,,,,,85.0,0.059,2718.0,1570.0,24.0,2718.0,106.0,1440.0,1580.2916,6.9398,0.059,3.0,11.0694,70.0,,,,,,,
8253242879,2016-04-29,6260,4.26,4.26,0.0,1.29,0.54,2.4,0.0,16,14,136,1257,1854,,,,,,,,,,202.0,0.1464,5937.0,1781.0,23.0,5937.0,132.0,1380.0,1786.9985,8.8235,0.1464,3.0,13.0616,89.0,,,,,,,
8253242879,2016-04-30,0,0.0,0.0,0.0,0.0,0.0,0.0,0.0,0,0,0,1440,0,,,,,,,,,,,,,,,,,,,,,,,,,,,,,,
8378563200,2016-04-12,7626,6.05,6.05,2.2531,0.83,0.71,4.5,0.0,65,15,156,723,3635,1.0,338.0,356.0,,,,,,,381.0,0.2646,7626.0,3636.0,24.0,7626.0,112.0,1440.0,3635.4701,12.0182,0.2646,3.0,16.8125,80.0,446.0,33.0,2.0,,,,
8378563200,2016-04-13,12386,9.82,9.82,2.0921,4.96,0.65,4.21,0.0,116,14,169,680,4079,2.0,447.0,487.0,,,,,,,545.0,0.3785,12386.0,4080.0,24.0,12386.0,117.0,1440.0,4079.6138,12.0182,0.3785,3.0,18.8667,80.0,437.0,20.0,4.0,,,,
8378563200,2016-04-14,13318,10.56,10.56,2.2531,5.62,1.03,3.91,0.0,123,21,174,699,4163,1.0,424.0,455.0,,,,,,,585.0,0.4062,13318.0,4164.0,24.0,13318.0,122.0,1440.0,4163.3975,12.0182,0.4062,3.0,19.2542,80.0,399.0,19.0,5.0,,,,
8378563200,2016-04-15,14461,11.47,11.47,0.0,4.91,1.15,5.41,0.0,60,23,190,729,3666,1.0,513.0,533.0,,,,,,,416.0,0.2889,14461.0,3655.0,24.0,14461.0,121.0,1440.0,3655.8522,11.7117,0.2889,3.0,16.9083,78.0,418.0,17.0,3.0,,,,
8378563200,2016-04-16,11207,8.89,8.89,0.0,5.37,1.07,2.44,0.0,64,21,142,563,3363,2.0,611.0,689.0,,,,,,,376.0,0.2611,11196.0,3362.0,24.0,11196.0,129.0,1440.0,3363.0597,12.3123,0.2611,3.0,15.5542,82.0,566.0,74.0,10.0,,,,
8378563200,2016-04-17,2132,1.69,1.69,0.0,0.0,0.0,1.69,0.0,0,0,93,599,2572,2.0,525.0,591.0,,,,,,,93.0,0.0646,2132.0,2571.0,24.0,2132.0,85.0,1440.0,2572.0695,8.4084,0.0646,1.0,11.8958,56.0,655.0,85.0,8.0,,,,
8378563200,2016-04-18,13630,10.81,10.81,2.0921,5.05,0.56,5.2,0.0,117,10,174,720,4157,1.0,398.0,451.0,,,,,,,545.0,0.3785,13630.0,4159.0,24.0,13630.0,118.0,1440.0,4157.9921,12.0182,0.3785,3.0,19.2292,80.0,381.0,34.0,4.0,,,,
8378563200,2016-04-19,13070,10.36,10.36,2.2531,5.3,0.88,4.18,0.0,120,19,154,737,4092,1.0,387.0,421.0,,,,,,,552.0,0.3833,13070.0,4091.0,24.0,13070.0,121.0,1440.0,4092.2264,12.0182,0.3833,3.0,18.925,80.0,384.0,21.0,5.0,,,,
8378563200,2016-04-20,9388,7.44,7.44,2.0921,2.23,0.44,4.78,0.0,82,8,169,763,3787,1.0,381.0,409.0,,,,,,,431.0,0.2993,9388.0,3787.0,24.0,9388.0,114.0,1440.0,3787.1216,12.0182,0.2993,3.0,17.5139,80.0,396.0,21.0,1.0,,,,
8378563200,2016-04-21,15148,12.01,12.01,2.2531,6.9,0.82,4.29,0.0,137,16,145,677,4236,1.0,396.0,417.0,,,,,,,588.0,0.4083,15148.0,4238.0,24.0,15148.0,117.0,1440.0,4236.0701,12.0182,0.4083,3.0,19.5903,80.0,449.0,12.0,4.0,,,,
8378563200,2016-04-22,12200,9.67,9.67,2.0921,4.91,0.59,4.18,0.0,113,12,159,769,4044,1.0,441.0,469.0,,,,,,,522.0,0.3625,12200.0,4046.0,24.0,12200.0,120.0,1440.0,4044.779,12.0182,0.3625,3.0,18.7056,80.0,356.0,27.0,4.0,,,,
8378563200,2016-04-23,5709,4.53,4.53,0.0,1.52,0.52,2.48,0.0,19,10,136,740,2908,1.0,565.0,591.0,,,,,,,213.0,0.1479,5709.0,2910.0,24.0,5709.0,116.0,1440.0,2908.7058,11.1111,0.1479,3.0,13.4528,74.0,508.0,21.0,6.0,,,,
8378563200,2016-04-24,3703,2.94,2.94,0.0,0.0,0.0,2.94,0.0,0,0,135,734,2741,1.0,458.0,492.0,,,,,,,135.0,0.0938,3703.0,2743.0,24.0,3703.0,100.0,1440.0,2741.4387,9.9099,0.0938,1.0,12.6792,66.0,533.0,32.0,6.0,,,,
8378563200,2016-04-25,12405,9.84,9.84,2.0921,5.05,0.87,3.92,0.0,117,16,141,692,4005,1.0,388.0,402.0,,,,,,,524.0,0.3639,12405.0,4009.0,24.0,12405.0,111.0,1440.0,4005.4397,12.0182,0.3639,3.0,18.5236,80.0,454.0,19.0,0.0,,,,
8378563200,2016-04-26,16208,12.85,12.85,0.0,7.51,0.92,4.42,0.0,90,18,161,593,3763,1.0,550.0,584.0,,,,,,,467.0,0.3243,16208.0,3765.0,24.0,16208.0,117.0,1440.0,3763.3596,11.4114,0.3243,3.0,17.4056,76.0,522.0,42.0,14.0,,,,
8378563200,2016-04-27,7359,5.84,5.84,0.0,0.33,0.18,5.33,0.0,4,4,192,676,3061,1.0,531.0,600.0,,,,,,,212.0,0.1472,7359.0,3061.0,24.0,7359.0,113.0,1440.0,3061.5585,10.8108,0.1472,3.0,14.1597,72.0,522.0,37.0,5.0,,,,
8378563200,2016-04-28,5417,4.3,4.3,0.0,0.9,0.49,2.91,0.0,11,10,139,711,2884,1.0,506.0,556.0,,,,,,,192.0,0.1333,5417.0,2884.0,24.0,5417.0,110.0,1440.0,2884.9821,10.8108,0.1333,3.0,13.3431,72.0,518.0,46.0,5.0,,,,
8378563200,2016-04-29,6175,4.9,4.9,0.0,0.25,0.36,4.27,0.0,3,7,172,767,2982,1.0,527.0,562.0,,,,,,,195.0,0.1354,6147.0,2982.0,24.0,6147.0,121.0,1440.0,2982.8799,11.7117,0.1354,3.0,13.7958,78.0,469.0,19.0,3.0,,,,
8378563200,2016-04-30,2946,2.34,2.34,0.0,0.0,0.0,2.34,0.0,0,0,121,780,2660,1.0,468.0,555.0,,,,,,,121.0,0.084,2946.0,2660.0,24.0,2946.0,93.0,1440.0,2660.3577,9.3093,0.084,1.0,12.3042,62.0,434.0,84.0,21.0,,,,
8378563200,2016-05-01,11419,9.06,9.06,0.0,6.03,0.56,2.47,0.0,71,10,127,669,3369,1.0,475.0,539.0,,,,,,,360.0,0.25,11419.0,3370.0,24.0,11419.0,129.0,1440.0,3369.9666,12.3123,0.25,3.0,15.5861,82.0,508.0,43.0,11.0,,,,
8378563200,2016-05-02,6064,4.81,4.81,2.0921,0.63,0.17,4.01,0.0,63,4,142,802,3491,1.0,351.0,385.0,,,,,,,339.0,0.2354,6064.0,3491.0,24.0,6064.0,110.0,1440.0,3491.3261,12.0182,0.2354,3.0,16.1458,80.0,406.0,23.0,0.0,,,,
8378563200,2016-05-03,8712,6.91,6.91,2.2531,1.34,1.06,4.5,0.0,71,20,195,822,3784,1.0,405.0,429.0,,,,,,,448.0,0.3111,8712.0,3786.0,24.0,8712.0,120.0,1440.0,3784.7192,12.0182,0.3111,3.0,17.5028,80.0,301.0,26.0,5.0,,,,
8378563200,2016-05-04,7875,6.24,6.24,0.0,1.56,0.49,4.2,0.0,19,10,167,680,3110,1.0,441.0,477.0,,,,,,,244.0,0.1694,7875.0,3109.0,24.0,7875.0,119.0,1440.0,3109.9068,11.4114,0.1694,3.0,14.3833,76.0,524.0,28.0,12.0,,,,
8378563200,2016-05-05,8567,6.79,6.79,2.2531,0.89,0.16,5.74,0.0,66,3,214,764,3783,1.0,381.0,417.0,,,,,,,418.0,0.2903,8567.0,3785.0,24.0,8567.0,124.0,1440.0,3783.8183,12.0182,0.2903,3.0,17.4986,80.0,349.0,33.0,11.0,,,,
8378563200,2016-05-06,7045,5.59,5.59,2.0921,1.55,0.25,3.78,0.0,74,5,166,831,3644,1.0,323.0,355.0,,,,,,,398.0,0.2764,7045.0,3645.0,24.0,7045.0,113.0,1440.0,3644.7794,12.0182,0.2764,3.0,16.8556,80.0,339.0,21.0,4.0,,,,
8378563200,2016-05-07,4468,3.54,3.54,0.0,0.0,0.0,3.54,0.0,0,0,158,851,2799,2.0,459.0,513.0,,,,,,,158.0,0.1097,4468.0,2800.0,24.0,4468.0,102.0,1440.0,2799.3966,9.9099,0.1097,1.0,12.9472,66.0,382.0,35.0,14.0,,,,
8378563200,2016-05-08,2943,2.33,2.33,0.0,0.0,0.0,2.33,0.0,0,0,139,621,2685,1.0,545.0,606.0,,,,,,,139.0,0.0965,2943.0,2684.0,24.0,2943.0,80.0,1440.0,2685.8832,8.1081,0.0965,1.0,12.4222,54.0,627.0,45.0,8.0,,,,
8378563200,2016-05-09,8382,6.65,6.65,2.0921,1.27,0.66,4.72,0.0,71,13,171,772,3721,1.0,359.0,399.0,,,,,,,410.0,0.2847,8382.0,3721.0,24.0,8382.0,122.0,1440.0,3721.6562,12.0182,0.2847,3.0,17.2111,80.0,370.0,30.0,12.0,,,,
8378563200,2016-05-10,6582,5.22,5.22,2.2531,0.66,0.64,3.92,0.0,63,13,152,840,3586,1.0,342.0,391.0,,,,,,,367.0,0.2549,6582.0,3588.0,24.0,6582.0,118.0,1440.0,3586.5212,12.0182,0.2549,3.0,16.5861,80.0,348.0,22.0,1.0,,,,
8378563200,2016-05-11,9143,7.25,7.25,2.0921,1.39,0.59,5.27,0.0,72,10,184,763,3788,1.0,368.0,387.0,,,,,,,420.0,0.2917,9143.0,3788.0,24.0,9143.0,119.0,1440.0,3788.3228,12.0182,0.2917,3.0,17.5194,80.0,387.0,19.0,4.0,,,,
8378563200,2016-05-12,4561,3.62,3.62,0.0,0.65,0.27,2.69,0.0,8,6,102,433,1976,1.0,496.0,546.0,,,,,,,127.0,0.1411,4056.0,1857.0,15.0,3574.0,109.0,780.0,1607.2056,10.5105,0.1449,3.0,13.7231,70.0,361.0,31.0,3.0,,,,
8583815059,2016-04-12,5014,3.91,3.91,0.0,0.0,0.33,3.58,0.0,0,7,196,1237,2650,,,,,,,,,,210.0,0.1458,5014.0,2650.0,24.0,5014.0,111.0,1440.0,2650.164,10.098,0.1458,2.0,13.1222,72.0,,,,,,,
8583815059,2016-04-13,5571,4.35,4.35,0.0,0.15,0.97,3.23,0.0,2,23,163,1252,2654,,,,,,,,,,215.0,0.1493,5571.0,2653.0,24.0,5571.0,95.0,1440.0,2654.2313,8.6955,0.1493,3.0,13.1424,62.0,,,,,,,
8583815059,2016-04-14,3135,2.45,2.45,0.0,0.0,0.0,2.43,0.0,0,0,134,1306,2443,,,,,,,,,,134.0,0.0931,3118.0,2442.0,24.0,3118.0,72.0,1440.0,2442.4538,7.0125,0.0931,1.0,12.0938,50.0,,,,,,,
8583815059,2016-04-15,3430,2.68,2.68,0.0,0.0,0.0,0.9,0.0,0,0,65,1375,2505,,,,,,,,,,65.0,0.0451,1158.0,2207.0,24.0,1158.0,60.0,1440.0,2207.8155,5.8905,0.0451,1.0,10.9319,42.0,,,,,,,
8583815059,2016-04-16,5319,4.15,4.15,0.0,0.0,0.0,0.0,0.0,0,0,0,1440,2693,,,,,,,,,,0.0,0.0,0.0,2016.0,24.0,0.0,0.0,1440.0,2019.6,1.4025,0.0,0.0,10.0,10.0,,,,,,,
8583815059,2016-04-17,3008,2.35,2.35,0.0,0.0,0.0,0.0,0.0,0,0,0,1440,2439,,,,,,,,,,0.0,0.0,0.0,2016.0,24.0,0.0,0.0,1440.0,2019.6,1.4025,0.0,0.0,10.0,10.0,,,,,,,
8583815059,2016-04-18,3864,3.01,3.01,0.0,0.31,1.06,1.35,0.0,4,22,105,1309,2536,,,,,,,,,,161.0,0.1118,3481.0,2496.0,24.0,3481.0,101.0,1440.0,2498.694,9.2565,0.1118,3.0,12.3722,66.0,,,,,,,
8583815059,2016-04-19,5697,4.44,4.44,0.0,0.53,0.48,3.44,0.0,7,10,166,1257,2668,,,,,,,,,,207.0,0.1438,5697.0,2668.0,24.0,5697.0,107.0,1440.0,2668.8173,9.8175,0.1438,3.0,13.2146,70.0,,,,,,,
8583815059,2016-04-20,5273,4.11,4.11,0.0,0.0,1.04,3.07,0.0,0,27,167,1246,2647,,,,,,,,,,221.0,0.1535,5273.0,2647.0,24.0,5273.0,88.0,1440.0,2647.6395,8.1345,0.1535,2.0,13.1097,58.0,,,,,,,
8583815059,2016-04-21,8538,6.66,6.66,0.0,2.63,1.02,3.01,0.0,35,18,158,1229,2883,,,,,,,,,,299.0,0.2076,8538.0,2883.0,24.0,8538.0,111.0,1440.0,2883.1193,10.098,0.2076,3.0,14.2757,72.0,,,,,,,
8583815059,2016-04-22,8687,6.78,6.78,0.0,0.29,2.41,4.08,0.0,4,54,212,1170,2944,,,,,,,,,,332.0,0.2306,8687.0,2944.0,24.0,8687.0,100.0,1440.0,2944.4085,9.2565,0.2306,3.0,14.5792,66.0,,,,,,,
8583815059,2016-04-23,9423,7.35,7.35,0.0,0.53,2.03,4.75,0.0,7,44,238,1151,3012,,,,,,,,,,347.0,0.241,9381.0,3011.0,24.0,9381.0,109.0,1440.0,3011.448,9.8175,0.241,3.0,14.9111,70.0,,,,,,,
8583815059,2016-04-24,8286,6.46,6.46,0.0,0.15,2.05,4.27,0.0,2,44,206,1188,2889,,,,,,,,,,300.0,0.2083,8286.0,2887.0,24.0,8286.0,102.0,1440.0,2889.4305,9.2565,0.2083,3.0,14.3069,66.0,,,,,,,
8583815059,2016-04-25,4503,3.51,3.51,0.0,1.47,0.24,1.81,0.0,18,6,122,1294,2547,,,,,,,,,,188.0,0.1306,4503.0,2547.0,24.0,4503.0,116.0,1440.0,2547.7815,10.3785,0.1306,3.0,12.6153,74.0,,,,,,,
8583815059,2016-04-26,10499,8.19,8.19,0.0,0.07,4.22,3.89,0.0,1,91,214,1134,3093,,,,,,,,,,399.0,0.2771,10499.0,3092.0,24.0,10499.0,97.0,1440.0,3093.7748,8.976,0.2771,3.0,15.3188,64.0,,,,,,,
8583815059,2016-04-27,12474,9.73,9.73,0.0,6.6,0.27,2.87,0.0,77,5,129,1229,3142,,,,,,,,,,370.0,0.2569,12474.0,3140.0,24.0,12474.0,125.0,1440.0,3142.722,11.22,0.2569,3.0,15.5611,80.0,,,,,,,
8583815059,2016-04-28,6174,4.82,4.82,0.0,0.0,1.2,3.61,0.0,0,28,203,1209,2757,,,,,,,,,,259.0,0.1799,6174.0,2756.0,24.0,6174.0,95.0,1440.0,2757.315,8.6955,0.1799,2.0,13.6528,62.0,,,,,,,
8583815059,2016-04-29,15168,11.83,11.83,0.0,3.9,3.0,4.92,0.0,46,67,258,1069,3513,,,,,,,,,,530.0,0.3681,15156.0,3508.0,24.0,15156.0,120.0,1440.0,3509.8965,10.659,0.3681,3.0,17.3792,76.0,,,,,,,
8583815059,2016-04-30,10085,7.87,7.87,0.0,0.15,1.28,6.43,0.0,2,28,317,1093,3164,,,,,,,,,,379.0,0.2632,10085.0,3163.0,24.0,10085.0,109.0,1440.0,3164.601,9.8175,0.2632,3.0,15.6694,70.0,,,,,,,
8583815059,2016-05-01,4512,3.52,3.52,0.0,0.78,0.12,2.04,0.0,10,2,117,1311,2596,,,,,,,,,,151.0,0.1049,3773.0,2463.0,24.0,3773.0,107.0,1440.0,2462.79,9.8175,0.1049,3.0,12.1944,70.0,,,,,,,
8583815059,2016-05-02,8469,6.61,6.61,0.0,0.0,0.0,0.0,0.0,0,0,0,1440,2894,,,,,,,,,,0.0,0.0,0.0,2016.0,24.0,0.0,0.0,1440.0,2019.6,1.4025,0.0,0.0,10.0,10.0,,,,,,,
8583815059,2016-05-03,12015,9.37,9.37,0.0,0.0,0.0,0.0,0.0,0,0,0,1440,3212,,,,,,,,,,0.0,0.0,0.0,2016.0,24.0,0.0,0.0,1440.0,2019.6,1.4025,0.0,0.0,10.0,10.0,,,,,,,
8583815059,2016-05-04,3588,2.8,2.8,0.0,0.0,0.0,0.0,0.0,0,0,0,1440,2516,,,,,,,,,,0.0,0.0,0.0,2016.0,24.0,0.0,0.0,1440.0,2019.6,1.4025,0.0,0.0,10.0,10.0,,,,,,,
8583815059,2016-05-05,12427,9.69,9.69,0.0,0.0,0.0,1.18,0.0,0,0,70,1370,3266,,,,,,,,,,70.0,0.0486,1507.0,2230.0,24.0,1507.0,92.0,1440.0,2233.6215,8.415,0.0486,1.0,11.0597,60.0,,,,,,,
8583815059,2016-05-06,5843,4.56,4.56,0.0,0.14,1.19,3.23,0.0,2,22,166,1250,2683,,,,,,,,,,216.0,0.15,5843.0,2681.0,24.0,5843.0,105.0,1440.0,2682.5618,9.537,0.15,3.0,13.2826,68.0,,,,,,,
8583815059,2016-05-07,6117,4.77,4.77,0.0,0.0,0.0,4.77,0.0,0,0,250,1190,2810,,,,,,,,,,250.0,0.1736,6117.0,2809.0,24.0,6117.0,107.0,1440.0,2810.7503,9.8175,0.1736,1.0,13.9174,70.0,,,,,,,
8583815059,2016-05-08,9217,7.19,7.19,0.0,0.22,3.31,3.66,0.0,3,72,182,1183,2940,,,,,,,,,,335.0,0.2326,9217.0,2939.0,24.0,9217.0,100.0,1440.0,2940.201,9.2565,0.2326,3.0,14.5583,66.0,,,,,,,
8583815059,2016-05-09,9877,7.7,7.7,0.0,5.76,0.17,1.73,0.0,66,4,110,1260,2947,,,,,,,,,,316.0,0.2194,9834.0,2938.0,24.0,9834.0,126.0,1440.0,2940.0608,11.22,0.2194,3.0,14.5576,80.0,,,,,,,
8583815059,2016-05-10,8240,6.43,6.43,0.0,0.69,2.01,3.72,0.0,9,43,162,1226,2846,,,,,,,,,,275.0,0.191,8217.0,2839.0,24.0,8217.0,115.0,1440.0,2842.3065,10.3785,0.191,3.0,14.0736,74.0,,,,,,,
8583815059,2016-05-11,8701,6.79,6.79,0.0,0.37,3.24,3.17,0.0,5,71,177,1106,2804,,,,,,,,,,327.0,0.2477,8597.0,2729.0,22.0,8597.0,108.0,1320.0,2730.5273,9.8175,0.2477,3.0,14.7492,70.0,,,,,,,
8583815059,2016-05-12,0,0.0,0.0,0.0,0.0,0.0,0.0,0.0,0,0,0,1440,0,,,,,,,,,,,,,,,,,,,,,,,,,,,,,,
8792009665,2016-04-12,2564,1.64,1.64,0.0,0.0,0.0,1.64,0.0,0,0,116,831,2044,1.0,458.0,493.0,,,,,,,116.0,0.0806,2556.0,2040.0,24.0,2556.0,96.0,1440.0,2044.368,7.7398,0.0806,1.0,12.1062,66.0,458.0,32.0,3.0,68.92,48.0,135.0,7587.0
8792009665,2016-04-13,1320,0.84,0.84,0.0,0.0,0.0,0.84,0.0,0,0,82,806,1934,1.0,531.0,552.0,,,,,,,82.0,0.0569,1320.0,1936.0,24.0,1320.0,69.0,1440.0,1934.8378,6.5671,0.0569,1.0,11.4576,56.0,531.0,18.0,3.0,68.51,43.0,121.0,8044.0
8792009665,2016-04-14,1219,0.78,0.78,0.0,0.0,0.0,0.78,0.0,0,0,84,853,1963,1.0,486.0,503.0,,,,,,,84.0,0.0583,1219.0,1960.0,24.0,1219.0,60.0,1440.0,1963.2171,7.9744,0.0583,1.0,11.6257,68.0,486.0,17.0,0.0,69.09,46.0,124.0,7461.0
8792009665,2016-04-15,2483,1.59,1.59,0.0,0.0,0.0,1.59,0.0,0,0,126,937,2009,1.0,363.0,377.0,,,,,,,126.0,0.0875,2483.0,2008.0,24.0,2483.0,57.0,1440.0,2009.6561,5.3944,0.0875,1.0,11.9007,46.0,363.0,13.0,1.0,66.86,49.0,116.0,3605.0
8792009665,2016-04-16,244,0.16,0.16,0.0,0.0,0.0,0.16,0.0,0,0,12,1428,1721,,,,,,,,,,12.0,0.0083,244.0,1713.0,24.0,244.0,43.0,1440.0,1721.4064,4.2217,0.0083,1.0,10.1938,36.0,,,,,,,
8792009665,2016-04-17,0,0.0,0.0,0.0,0.0,0.0,0.0,0.0,0,0,0,1440,1688,,,,,,,,,,0.0,0.0,0.0,1680.0,24.0,0.0,0.0,1440.0,1688.6881,1.1727,0.0,0.0,10.0,10.0,,,,,,,
8792009665,2016-04-18,0,0.0,0.0,0.0,0.0,0.0,0.0,0.0,0,0,0,1440,1688,,,,,,,,,,0.0,0.0,0.0,1680.0,24.0,0.0,0.0,1440.0,1688.6881,1.1727,0.0,0.0,10.0,10.0,,,,,,,
8792009665,2016-04-19,0,0.0,0.0,0.0,0.0,0.0,0.0,0.0,0,0,0,1440,1688,,,,,,,,,,0.0,0.0,0.0,1680.0,24.0,0.0,0.0,1440.0,1688.6881,1.1727,0.0,0.0,10.0,10.0,,,,,,,
8792009665,2016-04-20,3147,2.01,2.01,0.0,0.0,0.28,1.74,0.0,0,10,139,744,2188,1.0,528.0,547.0,,,,,,,159.0,0.1104,3147.0,2189.0,24.0,3147.0,64.0,1440.0,2188.7273,7.0362,0.1104,2.0,12.9611,60.0,528.0,15.0,4.0,69.62,44.0,120.0,7765.0
8792009665,2016-04-21,144,0.09,0.09,0.0,0.0,0.0,0.09,0.0,0,0,9,1431,1720,,,,,,,,,,9.0,0.0062,144.0,1712.0,24.0,144.0,32.0,1440.0,1720.5855,5.629,0.0062,1.0,10.1889,48.0,,,,80.8,66.0,108.0,184.0
8792009665,2016-04-22,4068,2.6,2.6,0.0,0.05,0.28,2.27,0.0,1,20,195,817,2419,1.0,391.0,407.0,,,,,,,238.0,0.1653,4068.0,2420.0,24.0,4068.0,85.0,1440.0,2419.7493,9.0298,0.1653,3.0,14.3292,77.0,391.0,12.0,4.0,70.26,44.0,131.0,8429.0
8792009665,2016-04-23,5245,3.36,3.36,0.0,0.16,0.44,2.75,0.0,8,45,232,795,2748,1.0,339.0,360.0,,,,,,,346.0,0.2403,5245.0,2746.0,24.0,5245.0,110.0,1440.0,2748.1053,11.4925,0.2403,3.0,16.2736,98.0,339.0,20.0,1.0,77.83,48.0,141.0,9095.0
8792009665,2016-04-24,400,0.26,0.26,0.0,0.04,0.05,0.16,0.0,3,8,19,1410,1799,,,,,,,,,,44.0,0.0306,400.0,1792.0,24.0,400.0,45.0,1440.0,1799.9773,7.2707,0.0306,3.0,10.659,62.0,,,,76.04,55.0,120.0,673.0
8792009665,2016-04-25,0,0.0,0.0,0.0,0.0,0.0,0.0,0.0,0,0,0,1440,1688,,,,,,,,,,0.0,0.0,0.0,1680.0,24.0,0.0,0.0,1440.0,1688.6881,1.1727,0.0,0.0,10.0,10.0,,,,,,,
8792009665,2016-04-26,1321,0.85,0.85,0.0,0.0,0.0,0.85,0.0,0,0,80,1360,1928,,,,,,,,,,80.0,0.0556,1321.0,1922.0,24.0,1321.0,55.0,1440.0,1928.2707,5.8635,0.0556,1.0,11.4188,50.0,,,,69.84,54.0,114.0,5348.0
8792009665,2016-04-27,1758,1.13,1.13,0.0,0.0,0.0,1.13,0.0,0,0,112,900,2067,1.0,423.0,428.0,,,,,,,112.0,0.0778,1758.0,2066.0,24.0,1758.0,65.0,1440.0,2066.2975,7.6226,0.0778,1.0,12.2361,65.0,423.0,5.0,0.0,68.79,43.0,132.0,8406.0
8792009665,2016-04-28,6157,3.94,3.94,0.0,0.0,0.0,3.94,0.0,0,0,310,714,2780,1.0,402.0,416.0,,,,,,,310.0,0.2153,6157.0,2780.0,24.0,6157.0,87.0,1440.0,2780.3545,9.6161,0.2153,1.0,16.4646,82.0,402.0,11.0,3.0,76.7,44.0,134.0,9374.0
8792009665,2016-04-29,8360,5.35,5.35,0.0,0.14,0.28,4.93,0.0,6,14,380,634,3101,1.0,398.0,406.0,,,,,,,426.0,0.2958,8360.0,3100.0,24.0,8360.0,89.0,1440.0,3101.6743,8.4434,0.2958,3.0,18.3674,72.0,398.0,6.0,2.0,80.91,48.0,158.0,8907.0
8792009665,2016-04-30,7174,4.59,4.59,0.0,0.33,0.36,3.91,0.0,10,20,301,749,2896,1.0,343.0,360.0,,,,,,,371.0,0.2576,7174.0,2897.0,24.0,7174.0,102.0,1440.0,2896.9209,9.1471,0.2576,3.0,17.1549,78.0,343.0,15.0,2.0,81.46,48.0,132.0,9022.0
8792009665,2016-05-01,1619,1.04,1.04,0.0,0.0,0.0,1.04,0.0,0,0,79,834,1962,1.0,503.0,527.0,,,,,,,79.0,0.0549,1619.0,1963.0,24.0,1619.0,67.0,1440.0,1962.7481,7.1535,0.0549,1.0,11.6229,61.0,503.0,24.0,0.0,67.81,43.0,123.0,8613.0
8792009665,2016-05-02,1831,1.17,1.17,0.0,0.0,0.0,1.17,0.0,0,0,101,916,2015,1.0,415.0,423.0,,,,,,,101.0,0.0701,1831.0,2013.0,24.0,1831.0,67.0,1440.0,2013.8778,7.2707,0.0701,1.0,11.9257,62.0,415.0,8.0,0.0,67.4,45.0,129.0,8217.0
8792009665,2016-05-03,2421,1.55,1.55,0.0,0.0,0.0,1.55,0.0,0,0,156,739,2297,1.0,516.0,545.0,,,,,,,156.0,0.1083,2421.0,2298.0,24.0,2421.0,66.0,1440.0,2297.7884,7.6226,0.1083,1.0,13.6069,65.0,516.0,27.0,2.0,74.37,45.0,119.0,8496.0
8792009665,2016-05-04,2283,1.46,1.46,0.0,0.0,0.0,1.46,0.0,0,0,129,848,2067,1.0,439.0,463.0,,,,,,,129.0,0.0896,2283.0,2065.0,24.0,2283.0,73.0,1440.0,2067.2356,7.0362,0.0896,1.0,12.2417,60.0,439.0,22.0,2.0,74.98,51.0,114.0,3615.0
8792009665,2016-05-05,0,0.0,0.0,0.0,0.0,0.0,0.0,0.0,0,0,0,1440,1688,,,,,,,,,,0.0,0.0,0.0,1680.0,24.0,0.0,0.0,1440.0,1688.8053,1.29,0.0,0.0,10.0007,11.0,,,,,,,
8792009665,2016-05-06,0,0.0,0.0,0.0,0.0,0.0,0.0,0.0,0,0,0,1440,1688,,,,,,,,,,0.0,0.0,0.0,1680.0,24.0,0.0,0.0,1440.0,1688.6881,1.1727,0.0,0.0,10.0,10.0,,,,,,,
8792009665,2016-05-07,0,0.0,0.0,0.0,0.0,0.0,0.0,0.0,0,0,0,1440,1688,,,,,,,,,,0.0,0.0,0.0,1680.0,24.0,0.0,0.0,1440.0,1688.6881,1.1727,0.0,0.0,10.0,10.0,,,,,,,
8792009665,2016-05-08,0,0.0,0.0,0.0,0.0,0.0,0.0,0.0,0,0,0,1440,1688,,,,,,,,,,0.0,0.0,0.0,1680.0,24.0,0.0,0.0,1440.0,1688.6881,1.1727,0.0,0.0,10.0,10.0,,,,,,,
8792009665,2016-05-09,0,0.0,0.0,0.0,0.0,0.0,0.0,0.0,0,0,0,1440,1688,,,,,,,,,,0.0,0.0,0.0,1680.0,24.0,0.0,0.0,1440.0,1688.6881,1.1727,0.0,0.0,10.0,10.0,,,,,,,
8792009665,2016-05-10,0,0.0,0.0,0.0,0.0,0.0,0.0,0.0,0,0,0,48,57,,,,,,,,,,,,,,,,,,,,,,,,,,,,,,
8877689391,2016-04-12,23186,20.4,20.4,0.0,12.22,0.34,7.82,0.0,85,7,312,1036,3921,,,,85.8000030517578,189.156627682704,,25.6800003051758,False,1460443631000.0,581.0,0.4035,23186.0,3916.0,24.0,23186.0,179.0,1440.0,3920.5848,15.31,0.4035,3.0,22.2292,125.0,,,,86.55,47.0,164.0,8280.0
8877689391,2016-04-13,15337,9.58,9.58,0.0,3.55,0.38,5.64,0.0,108,18,216,1098,3566,,,,84.9000015258789,187.172463959052,,25.4099998474121,False,1460530500000.0,576.0,0.4,15337.0,3565.0,24.0,15337.0,118.0,1440.0,3566.184,13.5253,0.4,3.0,20.3243,111.0,,,,84.74,50.0,160.0,8577.0
8877689391,2016-04-14,21129,18.98,18.98,0.0,10.55,0.59,7.75,0.02,68,13,298,1061,3793,,,,84.5,186.290611546325,,25.3099994659424,False,1460616523000.0,528.0,0.3667,21071.0,3790.0,24.0,21071.0,184.0,1440.0,3789.3827,16.42,0.3667,3.0,21.6354,135.0,,,,85.32,50.0,169.0,8096.0
8877689391,2016-04-15,13422,7.17,7.17,0.0,0.05,0.05,7.01,0.01,106,1,281,1052,3934,,,,,,,,,,601.0,0.4174,13375.0,3920.0,24.0,13375.0,109.0,1440.0,3918.5537,14.3523,0.4174,3.0,22.3729,118.0,,,,91.93,48.0,165.0,9743.0
8877689391,2016-04-16,29326,25.29,25.29,0.0,13.24,1.21,10.71,0.0,94,29,429,888,4547,,,,85.5,188.495234168175,,25.5900001525879,False,1460813965000.0,769.0,0.534,29204.0,4534.0,24.0,29204.0,184.0,1440.0,4537.9244,16.5051,0.534,3.0,25.7757,135.0,,,,92.06,54.0,172.0,8431.0
8877689391,2016-04-17,15118,8.87,8.87,0.0,0.0,0.07,8.79,0.0,58,15,307,1060,3545,,,,,,,,,,511.0,0.3549,15118.0,3538.0,24.0,15118.0,117.0,1440.0,3540.5273,13.9376,0.3549,3.0,20.1104,114.0,,,,87.87,51.0,167.0,8071.0
8877689391,2016-04-18,11423,8.67,8.67,0.0,2.44,0.27,5.94,0.0,29,5,191,1215,2761,,,,85.8000030517578,189.156627682704,,25.6800003051758,False,1460962274000.0,288.0,0.2,11409.0,2757.0,24.0,11409.0,124.0,1440.0,2759.2294,11.7581,0.2,3.0,15.6444,96.0,,,,66.04,48.0,139.0,6542.0
8877689391,2016-04-19,18785,17.4,17.4,0.0,12.15,0.18,5.03,0.0,82,13,214,1131,3676,,,,85.3000030517578,188.054316371779,,25.5300006866455,False,1461047971000.0,486.0,0.3375,18748.0,3670.0,24.0,18748.0,183.0,1440.0,3671.162,17.2217,0.3375,3.0,20.8729,141.0,,,,86.59,49.0,178.0,7877.0
8877689391,2016-04-20,19948,18.11,18.11,0.0,11.02,0.69,6.34,0.0,73,19,225,1123,3679,,,,84.9000015258789,187.172463959052,,25.4099998474121,False,1461134694000.0,482.0,0.3347,19881.0,3671.0,24.0,19881.0,187.0,1440.0,3673.0464,16.6935,0.3347,3.0,20.9333,137.0,,,,85.49,51.0,173.0,7807.0
8877689391,2016-04-21,19377,17.62,17.62,0.0,12.29,0.42,4.89,0.0,82,13,226,1119,3659,,,,84.5,186.290611546325,,25.2900009155273,False,1461221427000.0,498.0,0.3458,19377.0,3661.0,24.0,19377.0,182.0,1440.0,3659.3786,16.4119,0.3458,3.0,20.9035,135.0,,,,87.13,53.0,170.0,7582.0
8877689391,2016-04-22,18258,16.31,16.31,0.0,10.23,0.03,5.97,0.05,61,2,236,1141,3427,,,,,,,,,,423.0,0.2937,18225.0,3414.0,24.0,18225.0,179.0,1440.0,3412.8346,15.1962,0.2938,3.0,19.4951,125.0,,,,82.81,47.0,163.0,7885.0
8877689391,2016-04-23,11200,7.43,7.43,0.0,0.0,0.0,7.4,0.01,102,6,300,1032,3891,,,,85.5,188.495234168175,,25.5900001525879,False,1461396148000.0,618.0,0.4292,11191.0,3886.0,24.0,11191.0,116.0,1440.0,3888.9683,14.5489,0.4292,3.0,22.0896,119.0,,,,93.94,53.0,165.0,9225.0
8877689391,2016-04-24,16674,15.74,15.74,0.0,11.01,0.01,4.69,0.0,64,1,227,1148,3455,,,,85.5,188.495234168175,,25.5900001525879,False,1461483485000.0,421.0,0.2924,16660.0,3449.0,24.0,16660.0,185.0,1440.0,3452.8669,16.5051,0.2924,3.0,19.6125,135.0,,,,87.28,51.0,171.0,7100.0
8877689391,2016-04-25,12986,8.74,8.74,0.0,2.37,0.07,6.27,0.01,113,8,218,1101,3802,,,,85.4000015258789,188.274775269977,,25.5599994659424,False,1461566416000.0,573.0,0.3979,12957.0,3798.0,24.0,12957.0,125.0,1440.0,3799.3202,16.3748,0.3979,3.0,21.591,134.0,,,,89.8,49.0,176.0,9312.0
8877689391,2016-04-26,11101,8.43,8.43,0.0,1.76,0.13,6.5,0.0,22,3,258,1157,2860,,,,85.0999984741211,187.613381755448,,25.4899997711182,False,1461653427000.0,330.0,0.2292,11070.0,2854.0,24.0,11070.0,120.0,1440.0,2855.3699,11.4718,0.2292,3.0,16.2479,94.0,,,,67.56,49.0,125.0,7066.0
8877689391,2016-04-27,23629,20.65,20.65,0.0,13.07,0.44,7.1,0.0,93,8,235,1104,3808,,,,85.4000015258789,188.274775269977,,25.5599994659424,False,1461739865000.0,530.0,0.3681,23603.0,3800.0,24.0,23603.0,180.0,1440.0,3803.8416,15.7638,0.3681,3.0,21.6167,129.0,,,,84.78,46.0,163.0,7991.0
8877689391,2016-04-28,14890,11.3,11.3,0.0,4.93,0.38,5.97,0.0,58,8,231,1143,3060,,,,85.0999984741211,187.613381755448,,25.4899997711182,False,1461826203000.0,421.0,0.2924,14885.0,3058.0,24.0,14885.0,122.0,1440.0,3058.9326,14.1566,0.2924,3.0,17.4062,116.0,,,,66.81,47.0,153.0,6847.0
8877689391,2016-04-29,9733,7.39,7.39,0.0,1.38,0.17,5.79,0.0,18,5,210,1207,2698,,,,84.9000015258789,187.172463959052,,25.4099998474121,False,1461912595000.0,274.0,0.1903,9700.0,2694.0,24.0,9700.0,120.0,1440.0,2695.322,10.7228,0.1903,3.0,15.3611,88.0,,,,64.46,47.0,131.0,6974.0
8877689391,2016-04-30,27745,26.72,26.72,0.0,21.66,0.08,4.93,0.0,124,4,223,1089,4398,,,,85.5,188.495234168175,,25.5900001525879,False,1462002543000.0,603.0,0.4188,27710.0,4388.0,24.0,27710.0,183.0,1440.0,4393.1686,16.7496,0.4188,3.0,24.9535,137.0,,,,102.18,49.0,170.0,8066.0
8877689391,2016-05-01,10930,8.32,8.32,0.0,3.13,0.57,4.57,0.0,36,12,166,1226,2786,,,,85.3000030517578,188.054316371779,,25.5300006866455,False,1462092469000.0,298.0,0.2069,10890.0,2780.0,24.0,10890.0,131.0,1440.0,2783.0821,12.214,0.2069,3.0,15.8236,100.0,,,,70.71,48.0,145.0,5983.0
8877689391,2016-05-02,4790,3.64,3.64,0.0,0.0,0.0,3.56,0.0,0,0,105,1335,2189,,,,,,,,,,105.0,0.0729,4699.0,2181.0,24.0,4699.0,118.0,1440.0,2183.9854,11.4812,0.0729,1.0,12.4174,94.0,,,,65.86,47.0,108.0,2928.0
8877689391,2016-05-03,10818,8.21,8.21,0.0,1.39,0.1,6.67,0.01,19,3,229,1189,2817,,,,84.9000015258789,187.172463959052,,25.4099998474121,False,1462258181000.0,292.0,0.2028,10791.0,2813.0,24.0,10791.0,114.0,1440.0,2813.3947,12.4287,0.2028,3.0,16.034,102.0,,,,67.47,48.0,150.0,7133.0
8877689391,2016-05-04,18193,16.3,16.3,0.0,10.42,0.31,5.53,0.0,66,8,212,1154,3477,,,,84.4000015258789,186.070152648127,,25.2600002288818,False,1462344502000.0,426.0,0.2958,18165.0,3472.0,24.0,18165.0,184.0,1440.0,3472.3913,16.1608,0.2958,3.0,19.8451,133.0,,,,88.37,56.0,168.0,7191.0
8877689391,2016-05-05,14055,10.67,10.67,0.0,5.46,0.82,4.37,0.0,67,15,188,1170,3052,,,,,,,,,,419.0,0.291,14055.0,3050.0,24.0,14055.0,121.0,1440.0,3047.8354,11.665,0.291,3.0,17.4188,96.0,,,,72.85,53.0,142.0,6092.0
8877689391,2016-05-06,21727,19.34,19.34,0.0,12.79,0.29,6.16,0.0,96,17,232,1095,4015,,,,85.0,187.39292285725,,25.4400005340576,False,1462517015000.0,554.0,0.3847,21622.0,4003.0,24.0,21622.0,182.0,1440.0,4003.0368,16.7017,0.3847,3.0,22.8028,137.0,,,,92.84,47.0,177.0,7662.0
8877689391,2016-05-07,12332,8.13,8.13,0.0,0.08,0.96,6.99,0.0,105,28,271,1036,4142,,,,,,,,,,642.0,0.4458,12212.0,4125.0,24.0,12212.0,109.0,1440.0,4127.6288,14.2635,0.4458,3.0,23.5125,117.0,,,,101.0,56.0,166.0,8699.0
8877689391,2016-05-08,10686,8.11,8.11,0.0,1.08,0.2,6.8,0.0,17,4,245,1174,2847,,,,85.4000015258789,188.274775269977,,25.5599994659424,False,1462692953000.0,304.0,0.2111,10665.0,2840.0,24.0,10665.0,116.0,1440.0,2843.594,10.7536,0.2111,3.0,16.1597,88.0,,,,72.55,54.0,137.0,6403.0
8877689391,2016-05-09,20226,18.25,18.25,0.0,11.1,0.8,6.24,0.05,73,19,217,1131,3710,,,,85.5,188.495234168175,,25.6100006103516,False,1462775984000.0,474.0,0.3292,20156.0,3695.0,24.0,20156.0,182.0,1440.0,3700.18,17.0025,0.3292,3.0,21.0069,139.0,,,,89.62,51.0,176.0,7612.0
8877689391,2016-05-10,10733,8.15,8.15,0.0,1.35,0.46,6.28,0.0,18,11,224,1187,2832,,,,,,,,,,300.0,0.2083,10693.0,2826.0,24.0,10693.0,118.0,1440.0,2829.9955,11.9874,0.2083,3.0,16.0667,98.0,,,,71.54,50.0,141.0,6242.0
8877689391,2016-05-11,21420,19.56,19.56,0.0,13.22,0.41,5.89,0.0,88,12,213,1127,3832,,,,85.4000015258789,188.274775269977,,25.5599994659424,False,1462949507000.0,501.0,0.3479,21391.0,3827.0,24.0,21391.0,180.0,1440.0,3828.0372,17.2302,0.3479,3.0,21.7542,141.0,,,,89.15,48.0,180.0,7913.0
8877689391,2016-05-12,8064,6.12,6.12,0.0,1.82,0.04,4.25,0.0,23,1,137,770,1849,,,,84.0,185.1883002354,,25.1399993896484,False,1463035373000.0,197.0,0.2189,7577.0,1771.0,15.0,7120.0,117.0,840.0,1657.5777,10.6682,0.2238,3.0,16.2774,88.0,,,,71.09,53.0,122.0,3511.0
